selection_region_id	introgression_region_id	comparison	recipient_population	chromosome	overlap_start	overlap_end	gene_id	gene_start	gene_end	strand	gene_overlap_bp	dmel_hit	dmel_gene_symbol	short_description	percent_identity	evalue	bitscore
D5overlap_farmed_only_1_R00028	FDM5pct_Canada_Belgium2_1_R0001	Canada_Belgium2	Mystik Canada	1	13987536	13997535	TMOL_3.785.1	13949995	13997433	+	9898	sp|P17970|KCNAB_DROME	Shab	Potassium voltage-gated channel protein Shab	80.9	3.64e-291	836.0
D5overlap_farmed_only_1_R00039	FDM5pct_France_Netherlands_vs_Belgium2_1_R0057	France_Netherlands_vs_Belgium2	Dole7	1	14587536	14597535	TMOL_3.746.1	14570711	14591450	+	3915	tr|Q0E949|Q0E949_DROME	RalGPS		49.0	1.08e-178	522.0
D5overlap_farmed_only_1_R00039	FDM5pct_France_Netherlands_vs_Belgium2_1_R0057	France_Netherlands_vs_Belgium2	Dole7	1	14587536	14597535	TMOL_3.745.1	14591387	14593712	-	2326	tr|Q9VJ81|Q9VJ81_DROME	Ugt301D1	UDP-glucuronosyltransferase	33.5	6.27e-76	249.0
D5overlap_farmed_only_1_R00050	FDM5pct_Canada_Belgium2_1_R0002	Canada_Belgium2	Mystik Canada	1	16127536	16137535	TMOL_3.639.1	16105103	16128808	+	1273	sp|Q9VT65|CANB_DROME	CalpB	Calpain-B	64.8	0.0	930.0
D5overlap_farmed_only_1_R00050	FDM5pct_Canada_Belgium2_1_R0002	Canada_Belgium2	Mystik Canada	1	16127536	16137535	TMOL_3.637.1	16128643	16129285	-	643						
D5overlap_farmed_only_1_R00051	FDM5pct_Canada_Belgium2_1_R0002	Canada_Belgium2	Mystik Canada	1	16187536	16197535	TMOL_3.632.1	16168070	16189363	+	1828	sp|Q9VT65|CANB_DROME	CalpB	Calpain-B	39.2	8.54e-169	508.0
D5overlap_farmed_only_1_R00053	FDM5pct_Canada_Belgium2_1_R0004	Canada_Belgium2	Mystik Canada	1	16707536	16717535	TMOL_3.588.1	16694742	16714427	+	6892	sp|P27864|RRP1_DROME	Rrp1	Recombination repair protein 1	58.6	2.37e-107	331.0
D5overlap_farmed_only_1_R00067	FDM5pct_France_Netherlands_vs_Czechia_1_R0120	France_Netherlands_vs_Czechia	Dole7	1	19717536	19727535	TMOL_3.380.1	19720971	19721697	+	727						
D5overlap_farmed_only_1_R00078	FDM5pct_France_Netherlands_vs_Belgium2_1_R0061	France_Netherlands_vs_Belgium2	Dole7	1	23317536	23327535	TMOL_3.154.1	23216389	23368275	-	10000	tr|Q8SWW2|Q8SWW2_DROME	Zip48C		60.3	1.49e-114	335.0
D5overlap_farmed_only_1_R00088	FDM5pct_France_Netherlands_vs_Belgium2_1_R0062	France_Netherlands_vs_Belgium2	Dole7	1	24497536	24507535	TMOL_3.91.1	24477509	24513800	+	10000						
D5overlap_farmed_only_1_R00089	FDM5pct_Canada_Belgium2_1_R0006	Canada_Belgium2	Mystik Canada	1	24537536	24547535	TMOL_3.90.1	24531096	24537984	+	449						
D5overlap_farmed_only_1_R00089	FDM5pct_France_Netherlands_vs_Belgium2_1_R0062	France_Netherlands_vs_Belgium2	Dole7	1	24537536	24547535	TMOL_3.90.1	24531096	24537984	+	449						
D5overlap_farmed_only_1_R00090	FDM5pct_Canada_Belgium2_1_R0006	Canada_Belgium2	Mystik Canada	1	24757536	24787535	TMOL_3.69.1	24786115	24786876	+	762						
D5overlap_farmed_only_1_R00090	FDM5pct_Canada_Belgium2_1_R0006	Canada_Belgium2	Mystik Canada	1	24757536	24787535	TMOL_3.68.1	24786874	24787408	-	535	sp|Q9VU02|SMD1_DROME	SmD1	small nuclear ribonucleoprotein Sm D1	85.2	7.039999999999999e-52	159.0
D5overlap_farmed_only_1_R00090	FDM5pct_France_Netherlands_vs_Belgium2_1_R0062	France_Netherlands_vs_Belgium2	Dole7	1	24757536	24787535	TMOL_3.69.1	24786115	24786876	+	762						
D5overlap_farmed_only_1_R00090	FDM5pct_France_Netherlands_vs_Belgium2_1_R0062	France_Netherlands_vs_Belgium2	Dole7	1	24757536	24787535	TMOL_3.68.1	24786874	24787408	-	535	sp|Q9VU02|SMD1_DROME	SmD1	small nuclear ribonucleoprotein Sm D1	85.2	7.039999999999999e-52	159.0
D5overlap_farmed_only_1_R00093	FDM5pct_Canada_Belgium2_1_R0006	Canada_Belgium2	Mystik Canada	1	25037536	25047535	TMOL_3.48.1	25034191	25127198	-	10000	tr|M9PHV5|M9PHV5_DROME	GluRIB	Glutamate receptor IB	63.3	0.0	1293.0
D5overlap_farmed_only_1_R00094	FDM5pct_Canada_Belgium2_1_R0006	Canada_Belgium2	Mystik Canada	1	25107536	25117535	TMOL_3.48.1	25034191	25127198	-	10000	tr|M9PHV5|M9PHV5_DROME	GluRIB	Glutamate receptor IB	63.3	0.0	1293.0
D5overlap_farmed_only_1_R00095	FDM5pct_Canada_Belgium2_1_R0006	Canada_Belgium2	Mystik Canada	1	25157536	25167535	TMOL_3.43.1	25159589	25220622	-	7947	tr|Q9VRY2|Q9VRY2_DROME	Dmel\CG8519		63.7	6.829999999999999e-89	259.0
D5overlap_farmed_only_1_R00098	FDM5pct_Canada_Belgium2_1_R0007	Canada_Belgium2	Mystik Canada	1	25437536	25447535	TMOL_3.34.1	25437143	25438343	-	808						
D5overlap_farmed_only_1_R00106	FDM5pct_France_Netherlands_vs_Czechia_1_R0124	France_Netherlands_vs_Czechia	Dole7	1	26062429	26068101	TMOL_5.1420.1	25929526	26148534	-	5673	tr|Q9VY47|Q9VY47_DROME	CG1846	phosphatidylinositol-3,4-bisphosphate 4-phosphatase	43.4	0.0	948.0
D5overlap_farmed_only_1_R00107	FDM5pct_France_Netherlands_vs_Czechia_1_R0124	France_Netherlands_vs_Czechia	Dole7	1	26098102	26108101	TMOL_5.1420.1	25929526	26148534	-	10000	tr|Q9VY47|Q9VY47_DROME	CG1846	phosphatidylinositol-3,4-bisphosphate 4-phosphatase	43.4	0.0	948.0
D5overlap_farmed_only_1_R00107	FDM5pct_France_Netherlands_vs_Czechia_1_R0124	France_Netherlands_vs_Czechia	Dole7	1	26098102	26108101	TMOL_5.1422.1	26105726	26106924	+	1199						
D5overlap_farmed_only_1_R00110	FDM5pct_Canada_Belgium2_1_R0009	Canada_Belgium2	Mystik Canada	1	26278102	26293101	TMOL_5.1405.1	26247686	26299224	-	15000	tr|Q9W0K2|Q9W0K2_DROME	Trhn	tryptophan 5-monooxygenase	65.7	1.4399999999999994e-250	695.0
D5overlap_farmed_only_1_R00111	FDM5pct_Canada_Belgium2_1_R0009	Canada_Belgium2	Mystik Canada	1	26328102	26338101	TMOL_5.1401.1	26314819	26365836	+	10000	sp|Q9W0K0|JIP1_DROME	Aplip1	JNK-interacting protein 1	68.5	1.05e-159	457.0
D5overlap_farmed_only_1_R00111	FDM5pct_Canada_Belgium2_1_R0009	Canada_Belgium2	Mystik Canada	1	26328102	26338101	TMOL_5.1404.1	26328564	26328935	+	372						
D5overlap_farmed_only_1_R00116	FDM5pct_France_Netherlands_vs_Czechia_1_R0125	France_Netherlands_vs_Czechia	Dole7	1	26738102	26748101	TMOL_5.1380.1	26747631	26747847	+	217						
D5overlap_farmed_only_1_R00116	FDM5pct_France_Netherlands_vs_Czechia_1_R0125	France_Netherlands_vs_Czechia	Dole7	1	26738102	26748101	TMOL_5.1379.1	26747960	26748167	+	142						
D5overlap_farmed_only_1_R00117	FDM5pct_France_Netherlands_vs_Czechia_1_R0125	France_Netherlands_vs_Czechia	Dole7	1	26848102	26858101	TMOL_5.1373.1	26853126	26853753	-	628	sp|P08879|NDKA_DROME	awd	Nucleoside diphosphate kinase	83.7	5.7e-95	271.0
D5overlap_farmed_only_1_R00122	FDM5pct_Canada_Belgium2_1_R0011	Canada_Belgium2	Mystik Canada	1	27343102	27383101	TMOL_5.1356.1	26949119	27346992	-	3891	sp|Q9VS29|DSCL_DROME	Dscam2	Cell adhesion molecule Dscam2	60.2	0.0	2320.0
D5overlap_farmed_only_1_R00122	FDM5pct_Canada_Belgium2_1_R0011	Canada_Belgium2	Mystik Canada	1	27343102	27383101	TMOL_5.1351.1	27375427	27376116	+	690						
D5overlap_farmed_only_1_R00122	FDM5pct_France_Netherlands_vs_Czechia_1_R0127	France_Netherlands_vs_Czechia	Dole7	1	27343102	27383101	TMOL_5.1356.1	26949119	27346992	-	3891	sp|Q9VS29|DSCL_DROME	Dscam2	Cell adhesion molecule Dscam2	60.2	0.0	2320.0
D5overlap_farmed_only_1_R00122	FDM5pct_France_Netherlands_vs_Czechia_1_R0127	France_Netherlands_vs_Czechia	Dole7	1	27343102	27383101	TMOL_5.1351.1	27375427	27376116	+	690						
D5overlap_farmed_only_1_R00123	FDM5pct_Canada_Belgium2_1_R0011	Canada_Belgium2	Mystik Canada	1	27388102	27398101	TMOL_5.1341.1	27384059	27536094	-	10000	tr|M9NFI9|M9NFI9_DROME	Spn	Spinophilin	46.4	6e-199	644.0
D5overlap_farmed_only_1_R00123	FDM5pct_France_Netherlands_vs_Czechia_1_R0127	France_Netherlands_vs_Czechia	Dole7	1	27388102	27398101	TMOL_5.1341.1	27384059	27536094	-	10000	tr|M9NFI9|M9NFI9_DROME	Spn	Spinophilin	46.4	6e-199	644.0
D5overlap_farmed_only_1_R00124	FDM5pct_Canada_Belgium2_1_R0011	Canada_Belgium2	Mystik Canada	1	27498102	27508101	TMOL_5.1341.1	27384059	27536094	-	10000	tr|M9NFI9|M9NFI9_DROME	Spn	Spinophilin	46.4	6e-199	644.0
D5overlap_farmed_only_1_R00124	FDM5pct_France_Netherlands_vs_Czechia_1_R0128	France_Netherlands_vs_Czechia	Dole7	1	27498102	27508101	TMOL_5.1341.1	27384059	27536094	-	10000	tr|M9NFI9|M9NFI9_DROME	Spn	Spinophilin	46.4	6e-199	644.0
D5overlap_farmed_only_1_R00129	FDM5pct_Canada_Belgium2_1_R0013	Canada_Belgium2	Mystik Canada	1	29263102	29273101	TMOL_5.1251.1	29262456	29263777	-	676						
D5overlap_farmed_only_1_R00129	FDM5pct_France_Netherlands_vs_Belgium2_1_R0066	France_Netherlands_vs_Belgium2	Dole7	1	29263102	29273101	TMOL_5.1251.1	29262456	29263777	-	676						
D5overlap_farmed_only_1_R00129	FDM5pct_France_Netherlands_vs_Czechia_1_R0131	France_Netherlands_vs_Czechia	Dole7	1	29263102	29273101	TMOL_5.1251.1	29262456	29263777	-	676						
D5overlap_farmed_only_1_R00130	FDM5pct_Canada_Belgium2_1_R0013	Canada_Belgium2	Mystik Canada	1	29283102	29323101	TMOL_5.1250.1	29283913	29284086	-	174						
D5overlap_farmed_only_1_R00130	FDM5pct_Canada_Belgium2_1_R0013	Canada_Belgium2	Mystik Canada	1	29283102	29323101	TMOL_5.1248.1	29297681	29331935	+	25421	tr|Q9VLV6|Q9VLV6_DROME	CG17973		66.9	1.01e-236	658.0
D5overlap_farmed_only_1_R00130	FDM5pct_France_Netherlands_vs_Belgium2_1_R0066	France_Netherlands_vs_Belgium2	Dole7	1	29283102	29312429	TMOL_5.1250.1	29283913	29284086	-	174						
D5overlap_farmed_only_1_R00130	FDM5pct_France_Netherlands_vs_Belgium2_1_R0066	France_Netherlands_vs_Belgium2	Dole7	1	29283102	29312429	TMOL_5.1248.1	29297681	29331935	+	14749	tr|Q9VLV6|Q9VLV6_DROME	CG17973		66.9	1.01e-236	658.0
D5overlap_farmed_only_1_R00130	FDM5pct_France_Netherlands_vs_Czechia_1_R0131	France_Netherlands_vs_Czechia	Dole7	1	29283102	29323101	TMOL_5.1250.1	29283913	29284086	-	174						
D5overlap_farmed_only_1_R00130	FDM5pct_France_Netherlands_vs_Czechia_1_R0131	France_Netherlands_vs_Czechia	Dole7	1	29283102	29323101	TMOL_5.1248.1	29297681	29331935	+	25421	tr|Q9VLV6|Q9VLV6_DROME	CG17973		66.9	1.01e-236	658.0
D5overlap_farmed_only_1_R00140	FDM5pct_Canada_Belgium2_1_R0016	Canada_Belgium2	Mystik Canada	1	30478102	30498101	TMOL_5.1160.1	30462867	30481608	-	3507						
D5overlap_farmed_only_1_R00140	FDM5pct_Canada_Belgium2_1_R0016	Canada_Belgium2	Mystik Canada	1	30478102	30498101	TMOL_5.1140.1	30468151	30744216	+	20000	tr|Q9VV24|Q9VV24_DROME	BcDNA:RH10371		45.8	1.16e-05	43.5
D5overlap_farmed_only_1_R00140	FDM5pct_Canada_Belgium2_1_R0016	Canada_Belgium2	Mystik Canada	1	30478102	30498101	TMOL_5.1159.1	30484675	30486232	-	1558						
D5overlap_farmed_only_1_R00140	FDM5pct_Canada_Belgium2_1_R0016	Canada_Belgium2	Mystik Canada	1	30478102	30498101	TMOL_5.1158.1	30494569	30495412	-	844						
D5overlap_farmed_only_1_R00141	FDM5pct_Canada_Belgium2_1_R0016	Canada_Belgium2	Mystik Canada	1	30518102	30538101	TMOL_5.1140.1	30468151	30744216	+	20000	tr|Q9VV24|Q9VV24_DROME	BcDNA:RH10371		45.8	1.16e-05	43.5
D5overlap_farmed_only_1_R00141	FDM5pct_Canada_Belgium2_1_R0016	Canada_Belgium2	Mystik Canada	1	30518102	30538101	TMOL_5.1148.1	30515429	30589749	+	20000						
D5overlap_farmed_only_1_R00142	FDM5pct_Canada_Belgium2_1_R0016	Canada_Belgium2	Mystik Canada	1	30558102	30562429	TMOL_5.1140.1	30468151	30744216	+	4328	tr|Q9VV24|Q9VV24_DROME	BcDNA:RH10371		45.8	1.16e-05	43.5
D5overlap_farmed_only_1_R00142	FDM5pct_Canada_Belgium2_1_R0016	Canada_Belgium2	Mystik Canada	1	30558102	30562429	TMOL_5.1148.1	30515429	30589749	+	4328						
D5overlap_farmed_only_1_R00142	FDM5pct_Canada_Belgium2_1_R0016	Canada_Belgium2	Mystik Canada	1	30558102	30562429	TMOL_5.1156.1	30559574	30560023	+	450						
D5overlap_farmed_only_1_R00146	FDM5pct_France_Netherlands_vs_Czechia_1_R0132	France_Netherlands_vs_Czechia	Dole7	1	30712429	30738101	TMOL_5.1140.1	30468151	30744216	+	25673	tr|Q9VV24|Q9VV24_DROME	BcDNA:RH10371		45.8	1.16e-05	43.5
D5overlap_farmed_only_1_R00146	FDM5pct_France_Netherlands_vs_Czechia_1_R0132	France_Netherlands_vs_Czechia	Dole7	1	30712429	30738101	TMOL_5.1137.1	30734859	30735210	-	352						
D5overlap_farmed_only_1_R00147	FDM5pct_France_Netherlands_vs_Czechia_1_R0132	France_Netherlands_vs_Czechia	Dole7	1	30748102	30758101	TMOL_5.1138.1	30751398	30751682	+	285						
D5overlap_farmed_only_1_R00147	FDM5pct_France_Netherlands_vs_Czechia_1_R0132	France_Netherlands_vs_Czechia	Dole7	1	30748102	30758101	TMOL_5.1136.1	30751792	30753841	-	2050	tr|Q8IQM9|Q8IQM9_DROME	l(3)72Dp	folate gamma-glutamyl hydrolase	43.7	6.32e-93	280.0
D5overlap_farmed_only_1_R00148	FDM5pct_France_Netherlands_vs_Belgium2_1_R0069	France_Netherlands_vs_Belgium2	Dole7	1	30848102	30862429	TMOL_5.1129.1	30835905	30886603	+	14328	tr|Q9W0S5|Q9W0S5_DROME	miple1	Midkine and pleiotrophin 1	71.0	1.07e-26	98.2
D5overlap_farmed_only_1_R00148	FDM5pct_France_Netherlands_vs_Czechia_1_R0132	France_Netherlands_vs_Czechia	Dole7	1	30848102	30878101	TMOL_5.1129.1	30835905	30886603	+	30000	tr|Q9W0S5|Q9W0S5_DROME	miple1	Midkine and pleiotrophin 1	71.0	1.07e-26	98.2
D5overlap_farmed_only_1_R00150	FDM5pct_France_Netherlands_vs_Czechia_1_R0132	France_Netherlands_vs_Czechia	Dole7	1	30928102	30948101	TMOL_5.1123.1	30937155	30948213	+	10947						
D5overlap_farmed_only_1_R00169	FDM5pct_France_Netherlands_vs_Belgium2_1_R0070	France_Netherlands_vs_Belgium2	Dole7	1	32458102	32468101	TMOL_5.1016.1	32421313	32479972	-	10000	tr|A0A0B4KG11|A0A0B4KG11_DROME	Spred	Sprouty-related protein with EVH-1 domain	46.5	1.74e-116	347.0
D5overlap_farmed_only_1_R00169	FDM5pct_France_Netherlands_vs_Czechia_1_R0133	France_Netherlands_vs_Czechia	Dole7	1	32462429	32468101	TMOL_5.1016.1	32421313	32479972	-	5673	tr|A0A0B4KG11|A0A0B4KG11_DROME	Spred	Sprouty-related protein with EVH-1 domain	46.5	1.74e-116	347.0
D5overlap_farmed_only_1_R00170	FDM5pct_France_Netherlands_vs_Belgium2_1_R0070	France_Netherlands_vs_Belgium2	Dole7	1	32478102	32488101	TMOL_5.1016.1	32421313	32479972	-	1871	tr|A0A0B4KG11|A0A0B4KG11_DROME	Spred	Sprouty-related protein with EVH-1 domain	46.5	1.74e-116	347.0
D5overlap_farmed_only_1_R00170	FDM5pct_France_Netherlands_vs_Czechia_1_R0133	France_Netherlands_vs_Czechia	Dole7	1	32478102	32488101	TMOL_5.1016.1	32421313	32479972	-	1871	tr|A0A0B4KG11|A0A0B4KG11_DROME	Spred	Sprouty-related protein with EVH-1 domain	46.5	1.74e-116	347.0
D5overlap_farmed_only_1_R00171	FDM5pct_France_Netherlands_vs_Belgium2_1_R0070	France_Netherlands_vs_Belgium2	Dole7	1	32528102	32548101	TMOL_5.1009.1	32529624	32532915	+	3292	tr|Q9VPA9|Q9VPA9_DROME	GYCb100B		42.7	1.5699999999999997e-23	99.4
D5overlap_farmed_only_1_R00171	FDM5pct_France_Netherlands_vs_Belgium2_1_R0070	France_Netherlands_vs_Belgium2	Dole7	1	32528102	32548101	TMOL_5.1008.1	32533134	32533593	+	460						
D5overlap_farmed_only_1_R00171	FDM5pct_France_Netherlands_vs_Belgium2_1_R0070	France_Netherlands_vs_Belgium2	Dole7	1	32528102	32548101	TMOL_5.1005.1	32547124	32548485	+	978	tr|Q0IGT4|Q0IGT4_DROME	cato	Cousin of atonal	52.9	7.16e-11	58.2
D5overlap_farmed_only_1_R00171	FDM5pct_France_Netherlands_vs_Czechia_1_R0133	France_Netherlands_vs_Czechia	Dole7	1	32528102	32548101	TMOL_5.1009.1	32529624	32532915	+	3292	tr|Q9VPA9|Q9VPA9_DROME	GYCb100B		42.7	1.5699999999999997e-23	99.4
D5overlap_farmed_only_1_R00171	FDM5pct_France_Netherlands_vs_Czechia_1_R0133	France_Netherlands_vs_Czechia	Dole7	1	32528102	32548101	TMOL_5.1008.1	32533134	32533593	+	460						
D5overlap_farmed_only_1_R00171	FDM5pct_France_Netherlands_vs_Czechia_1_R0133	France_Netherlands_vs_Czechia	Dole7	1	32528102	32548101	TMOL_5.1005.1	32547124	32548485	+	978	tr|Q0IGT4|Q0IGT4_DROME	cato	Cousin of atonal	52.9	7.16e-11	58.2
D5overlap_farmed_only_1_R00175	FDM5pct_Canada_Belgium2_1_R0017	Canada_Belgium2	Mystik Canada	1	33018102	33028101	TMOL_5.985.1	32951141	33150604	-	10000	tr|Q59DZ7|Q59DZ7_DROME	Ddr	Discoidin domain receptor	47.8	2.58e-301	859.0
D5overlap_farmed_only_1_R00175	FDM5pct_Canada_Belgium2_1_R0017	Canada_Belgium2	Mystik Canada	1	33018102	33028101	TMOL_5.989.1	33025564	33025935	-	372						
D5overlap_farmed_only_10_R00209	FDM5pct_France_Netherlands_vs_Belgium2_10_R0079	France_Netherlands_vs_Belgium2	Dole7	10	6735000	6744999	TMOL_8.517.1	6741362	6747193	+	3638	tr|Q9V4D4|Q9V4D4_DROME	Taf3	Bip2	69.8	4.7000000000000005e-28	121.0
D5overlap_farmed_only_10_R00209	FDM5pct_France_Netherlands_vs_Czechia_10_R0145	France_Netherlands_vs_Czechia	Dole7	10	6735000	6744999	TMOL_8.517.1	6741362	6747193	+	3638	tr|Q9V4D4|Q9V4D4_DROME	Taf3	Bip2	69.8	4.7000000000000005e-28	121.0
D5overlap_farmed_only_10_R00211	FDM5pct_France_Netherlands_vs_Czechia_10_R0146	France_Netherlands_vs_Czechia	Dole7	10	10775000	10784999	TMOL_8.809.1	10753695	10783674	-	8675	tr|A1Z709|A1Z709_DROME	Corin	Corin	55.7	5.9599999999999995e-270	793.0
D5overlap_farmed_only_10_R00218	FDM5pct_France_Netherlands_vs_Czechia_10_R0147	France_Netherlands_vs_Czechia	Dole7	10	12355000	12364999	TMOL_8.914.1	12354833	12355458	-	459						
D5overlap_farmed_only_2_R00285	FDM5pct_France_Netherlands_vs_Belgium2_2_R0046	France_Netherlands_vs_Belgium2	Dole7	2	14055000	14074999	TMOL_2.1398.1	14046398	14061187	+	6188	tr|Q9VLW9|Q9VLW9_DROME	Herp	Homocysteine-induced endoplasmic reticulum protein	30.7	3.44e-26	106.0
D5overlap_farmed_only_2_R00285	FDM5pct_France_Netherlands_vs_Belgium2_2_R0046	France_Netherlands_vs_Belgium2	Dole7	2	14055000	14074999	TMOL_2.1402.1	14060183	14060549	+	367						
D5overlap_farmed_only_2_R00285	FDM5pct_France_Netherlands_vs_Belgium2_2_R0046	France_Netherlands_vs_Belgium2	Dole7	2	14055000	14074999	TMOL_2.1404.1	14061037	14063136	-	2100	sp|Q8INX3|TIPIN_DROME	CG10336	Protein TIPIN homolog	46.7	1.71e-25	102.0
D5overlap_farmed_only_2_R00285	FDM5pct_France_Netherlands_vs_Belgium2_2_R0046	France_Netherlands_vs_Belgium2	Dole7	2	14055000	14074999	TMOL_2.1403.1	14062245	14065221	-	2977	tr|Q7K3Z3|Q7K3Z3_DROME	p47	NSFL1 cofactor p47	38.1	3.13e-67	216.0
D5overlap_farmed_only_2_R00285	FDM5pct_France_Netherlands_vs_Belgium2_2_R0046	France_Netherlands_vs_Belgium2	Dole7	2	14055000	14074999	TMOL_2.1405.1	14065220	14068572	+	3353	tr|Q9VAV2|Q9VAV2_DROME	mIF2	FI21480p1	50.4	2.1e-225	645.0
D5overlap_farmed_only_2_R00285	FDM5pct_France_Netherlands_vs_Belgium2_2_R0046	France_Netherlands_vs_Belgium2	Dole7	2	14055000	14074999	TMOL_2.1406.1	14069662	14075299	-	5338	tr|A8DYH1|A8DYH1_DROME	mute	Muscle wasted	25.6	6.75e-16	82.8
D5overlap_farmed_only_2_R00327	FDM5pct_France_Netherlands_vs_Belgium2_2_R0053	France_Netherlands_vs_Belgium2	Dole7	2	30235000	30244999	TMOL_2.2543.1	30239110	30241052	-	1943						
D5overlap_farmed_only_2_R00328	FDM5pct_France_Netherlands_vs_Belgium2_2_R0053	France_Netherlands_vs_Belgium2	Dole7	2	30255000	30264999	TMOL_2.2545.1	30264538	30265478	-	462						
D5overlap_farmed_only_3_R00374	FDM5pct_France_Netherlands_vs_Belgium2_3_R0100	France_Netherlands_vs_Belgium2	Dole7	3	11970000	11999999	TMOL_6.1045.1	11996443	11996733	+	291						
D5overlap_farmed_only_3_R00374	FDM5pct_France_Netherlands_vs_Belgium2_3_R0100	France_Netherlands_vs_Belgium2	Dole7	3	11970000	11999999	TMOL_6.1046.1	11996852	11997142	+	291						
D5overlap_farmed_only_3_R00375	FDM5pct_France_Netherlands_vs_Belgium2_3_R0100	France_Netherlands_vs_Belgium2	Dole7	3	12005000	12024999	TMOL_6.1048.1	12018069	12029253	+	6931	tr|Q9VX01|Q9VX01_DROME	Dmel\CG6847	FI22312p1	28.3	1.2499999999999998e-52	192.0
D5overlap_farmed_only_3_R00375	FDM5pct_France_Netherlands_vs_Czechia_3_R0148	France_Netherlands_vs_Czechia	Dole7	3	12015254	12024999	TMOL_6.1048.1	12018069	12029253	+	6931	tr|Q9VX01|Q9VX01_DROME	Dmel\CG6847	FI22312p1	28.3	1.2499999999999998e-52	192.0
D5overlap_farmed_only_3_R00389	FDM5pct_France_Netherlands_vs_Belgium2_3_R0102	France_Netherlands_vs_Belgium2	Dole7	3	14365254	14489999	TMOL_6.1238.1	14359139	14398193	+	32940	tr|A1Z7I5|A1Z7I5_DROME	Dmel\CG30357		29.4	6.7e-49	178.0
D5overlap_farmed_only_3_R00389	FDM5pct_France_Netherlands_vs_Belgium2_3_R0102	France_Netherlands_vs_Belgium2	Dole7	3	14365254	14489999	TMOL_6.1239.1	14397433	14406497	+	9065	sp|P18824|ARM_DROME	arm	Armadillo segment polarity protein	75.4	0.0	1071.0
D5overlap_farmed_only_3_R00389	FDM5pct_France_Netherlands_vs_Belgium2_3_R0102	France_Netherlands_vs_Belgium2	Dole7	3	14365254	14489999	TMOL_6.1240.1	14399013	14400268	-	1256						
D5overlap_farmed_only_3_R00389	FDM5pct_France_Netherlands_vs_Belgium2_3_R0102	France_Netherlands_vs_Belgium2	Dole7	3	14365254	14489999	TMOL_6.1242.1	14413883	14415238	+	1356						
D5overlap_farmed_only_3_R00389	FDM5pct_France_Netherlands_vs_Belgium2_3_R0102	France_Netherlands_vs_Belgium2	Dole7	3	14365254	14489999	TMOL_6.1243.1	14416599	14434221	+	17623	sp|P18824|ARM_DROME	arm	Armadillo segment polarity protein	59.4	3.68e-230	665.0
D5overlap_farmed_only_3_R00389	FDM5pct_France_Netherlands_vs_Belgium2_3_R0102	France_Netherlands_vs_Belgium2	Dole7	3	14365254	14489999	TMOL_6.1244.1	14431187	14431933	+	747						
D5overlap_farmed_only_3_R00389	FDM5pct_France_Netherlands_vs_Belgium2_3_R0102	France_Netherlands_vs_Belgium2	Dole7	3	14365254	14489999	TMOL_6.1245.1	14434688	14449612	+	14925	tr|Q9W3H0|Q9W3H0_DROME	SPH198		41.4	3.16e-226	662.0
D5overlap_farmed_only_3_R00389	FDM5pct_France_Netherlands_vs_Belgium2_3_R0102	France_Netherlands_vs_Belgium2	Dole7	3	14365254	14489999	TMOL_6.1246.1	14449103	14450485	+	1383						
D5overlap_farmed_only_3_R00389	FDM5pct_France_Netherlands_vs_Belgium2_3_R0102	France_Netherlands_vs_Belgium2	Dole7	3	14365254	14489999	TMOL_6.1247.1	14450475	14452134	-	1660	sp|Q24547|STX1A_DROME	Syx1A	Syntaxin-1A	35.8	7.11e-21	89.4
D5overlap_farmed_only_3_R00389	FDM5pct_France_Netherlands_vs_Belgium2_3_R0102	France_Netherlands_vs_Belgium2	Dole7	3	14365254	14489999	TMOL_6.1248.1	14470435	14487194	+	16760	sp|P05990|PYR1_DROME	r	CAD protein	69.8	0.0	3065.0
D5overlap_farmed_only_3_R00389	FDM5pct_France_Netherlands_vs_Belgium2_3_R0102	France_Netherlands_vs_Belgium2	Dole7	3	14365254	14489999	TMOL_6.1249.1	14477893	14484414	-	6522	tr|Q9VXD4|Q9VXD4_DROME	Dmel\CG15865	Mab-21-like HhH/H2TH-like domain-containing protein	28.2	5.809999999999998e-48	183.0
D5overlap_farmed_only_3_R00389	FDM5pct_France_Netherlands_vs_Belgium2_3_R0102	France_Netherlands_vs_Belgium2	Dole7	3	14365254	14489999	TMOL_6.1250.1	14487191	14497370	-	2809						
D5overlap_farmed_only_3_R00389	FDM5pct_France_Netherlands_vs_Czechia_3_R0149	France_Netherlands_vs_Czechia	Dole7	3	14365254	14465254	TMOL_6.1238.1	14359139	14398193	+	32940	tr|A1Z7I5|A1Z7I5_DROME	Dmel\CG30357		29.4	6.7e-49	178.0
D5overlap_farmed_only_3_R00389	FDM5pct_France_Netherlands_vs_Czechia_3_R0149	France_Netherlands_vs_Czechia	Dole7	3	14365254	14465254	TMOL_6.1239.1	14397433	14406497	+	9065	sp|P18824|ARM_DROME	arm	Armadillo segment polarity protein	75.4	0.0	1071.0
D5overlap_farmed_only_3_R00389	FDM5pct_France_Netherlands_vs_Czechia_3_R0149	France_Netherlands_vs_Czechia	Dole7	3	14365254	14465254	TMOL_6.1240.1	14399013	14400268	-	1256						
D5overlap_farmed_only_3_R00389	FDM5pct_France_Netherlands_vs_Czechia_3_R0149	France_Netherlands_vs_Czechia	Dole7	3	14365254	14465254	TMOL_6.1242.1	14413883	14415238	+	1356						
D5overlap_farmed_only_3_R00389	FDM5pct_France_Netherlands_vs_Czechia_3_R0149	France_Netherlands_vs_Czechia	Dole7	3	14365254	14465254	TMOL_6.1243.1	14416599	14434221	+	17623	sp|P18824|ARM_DROME	arm	Armadillo segment polarity protein	59.4	3.68e-230	665.0
D5overlap_farmed_only_3_R00389	FDM5pct_France_Netherlands_vs_Czechia_3_R0149	France_Netherlands_vs_Czechia	Dole7	3	14365254	14465254	TMOL_6.1244.1	14431187	14431933	+	747						
D5overlap_farmed_only_3_R00389	FDM5pct_France_Netherlands_vs_Czechia_3_R0149	France_Netherlands_vs_Czechia	Dole7	3	14365254	14465254	TMOL_6.1245.1	14434688	14449612	+	14925	tr|Q9W3H0|Q9W3H0_DROME	SPH198		41.4	3.16e-226	662.0
D5overlap_farmed_only_3_R00389	FDM5pct_France_Netherlands_vs_Czechia_3_R0149	France_Netherlands_vs_Czechia	Dole7	3	14365254	14465254	TMOL_6.1246.1	14449103	14450485	+	1383						
D5overlap_farmed_only_3_R00389	FDM5pct_France_Netherlands_vs_Czechia_3_R0149	France_Netherlands_vs_Czechia	Dole7	3	14365254	14465254	TMOL_6.1247.1	14450475	14452134	-	1660	sp|Q24547|STX1A_DROME	Syx1A	Syntaxin-1A	35.8	7.11e-21	89.4
D5overlap_farmed_only_3_R00390	FDM5pct_France_Netherlands_vs_Belgium2_3_R0102	France_Netherlands_vs_Belgium2	Dole7	3	14495000	14514999	TMOL_6.1250.1	14487191	14497370	-	2371						
D5overlap_farmed_only_3_R00390	FDM5pct_France_Netherlands_vs_Belgium2_3_R0102	France_Netherlands_vs_Belgium2	Dole7	3	14495000	14514999	TMOL_6.1251.1	14496289	14496941	-	653						
D5overlap_farmed_only_3_R00411	FDM5pct_France_Netherlands_vs_Belgium2_3_R0104	France_Netherlands_vs_Belgium2	Dole7	3	16655000	16664999	TMOL_6.1363.1	16627945	16661549	-	6550	tr|Q9W2I0|Q9W2I0_DROME	Arms		47.3	1.18e-263	801.0
D5overlap_farmed_only_3_R00411	FDM5pct_France_Netherlands_vs_Belgium2_3_R0104	France_Netherlands_vs_Belgium2	Dole7	3	16655000	16664999	TMOL_6.1366.1	16661712	16671942	+	3288						
D5overlap_farmed_only_3_R00411	FDM5pct_France_Netherlands_vs_Czechia_3_R0150	France_Netherlands_vs_Czechia	Dole7	3	16655000	16664999	TMOL_6.1363.1	16627945	16661549	-	6550	tr|Q9W2I0|Q9W2I0_DROME	Arms		47.3	1.18e-263	801.0
D5overlap_farmed_only_3_R00411	FDM5pct_France_Netherlands_vs_Czechia_3_R0150	France_Netherlands_vs_Czechia	Dole7	3	16655000	16664999	TMOL_6.1366.1	16661712	16671942	+	3288						
D5overlap_farmed_only_3_R00412	FDM5pct_France_Netherlands_vs_Belgium2_3_R0104	France_Netherlands_vs_Belgium2	Dole7	3	16695000	16715254	TMOL_6.1365.1	16701026	16701648	+	623						
D5overlap_farmed_only_3_R00412	FDM5pct_France_Netherlands_vs_Belgium2_3_R0104	France_Netherlands_vs_Belgium2	Dole7	3	16695000	16715254	TMOL_6.1368.1	16701608	16705871	+	4264	tr|Q5BI50|Q5BI50_DROME	Cul4	Cullin 4	45.9	5.8300000000000004e-198	579.0
D5overlap_farmed_only_3_R00412	FDM5pct_France_Netherlands_vs_Belgium2_3_R0104	France_Netherlands_vs_Belgium2	Dole7	3	16695000	16715254	TMOL_6.1370.1	16712787	16714887	+	2101	tr|Q9VW68|Q9VW68_DROME	Gabat	(S)-3-amino-2-methylpropionate transaminase	59.8	4.37e-195	548.0
D5overlap_farmed_only_3_R00412	FDM5pct_France_Netherlands_vs_Czechia_3_R0150	France_Netherlands_vs_Czechia	Dole7	3	16695000	16744999	TMOL_6.1365.1	16701026	16701648	+	623						
D5overlap_farmed_only_3_R00412	FDM5pct_France_Netherlands_vs_Czechia_3_R0150	France_Netherlands_vs_Czechia	Dole7	3	16695000	16744999	TMOL_6.1368.1	16701608	16705871	+	4264	tr|Q5BI50|Q5BI50_DROME	Cul4	Cullin 4	45.9	5.8300000000000004e-198	579.0
D5overlap_farmed_only_3_R00412	FDM5pct_France_Netherlands_vs_Czechia_3_R0150	France_Netherlands_vs_Czechia	Dole7	3	16695000	16744999	TMOL_6.1370.1	16712787	16714887	+	2101	tr|Q9VW68|Q9VW68_DROME	Gabat	(S)-3-amino-2-methylpropionate transaminase	59.8	4.37e-195	548.0
D5overlap_farmed_only_3_R00412	FDM5pct_France_Netherlands_vs_Czechia_3_R0150	France_Netherlands_vs_Czechia	Dole7	3	16695000	16744999	TMOL_6.1372.1	16732969	16736588	+	3620	tr|Q9VW68|Q9VW68_DROME	Gabat	(S)-3-amino-2-methylpropionate transaminase	62.3	1.89e-221	617.0
D5overlap_farmed_only_3_R00412	FDM5pct_France_Netherlands_vs_Czechia_3_R0150	France_Netherlands_vs_Czechia	Dole7	3	16695000	16744999	TMOL_6.1373.1	16736714	16748211	-	8286	sp|Q9W0T1|NU301_DROME	E(bx)	Nucleosome-remodeling factor subunit NURF301	40.5	0.0	1633.0
D5overlap_farmed_only_3_R00482	FDM5pct_Canada_Belgium2_3_R0042	Canada_Belgium2	Mystik Canada	3	21738622	21758621	TMOL_9.744.1	21745108	21746242	+	1135						
D5overlap_farmed_only_3_R00482	FDM5pct_Canada_Belgium2_3_R0042	Canada_Belgium2	Mystik Canada	3	21738622	21758621	TMOL_9.743.1	21757605	21763823	+	1017						
D5overlap_farmed_only_3_R00507	FDM5pct_France_Netherlands_vs_Czechia_3_R0152	France_Netherlands_vs_Czechia	Dole7	3	28328622	28338621	TMOL_9.213.1	28329382	28329717	+	336						
D5overlap_farmed_only_3_R00507	FDM5pct_France_Netherlands_vs_Czechia_3_R0152	France_Netherlands_vs_Czechia	Dole7	3	28328622	28338621	TMOL_9.212.1	28336751	28337297	-	547						
D5overlap_farmed_only_4_R00563	FDM5pct_France_Netherlands_vs_Belgium2_4_R0094	France_Netherlands_vs_Belgium2	Dole7	4	14658144	14668143	TMOL_15.69.1	14657551	14660431	+	2288	sp|Q9V3S0|CP4G1_DROME	Cyp4g1	Cytochrome P450 4g1	30.9	6.540000000000002e-72	237.0
D5overlap_farmed_only_4_R00605	FDM5pct_France_Netherlands_vs_Belgium2_4_R0095	France_Netherlands_vs_Belgium2	Dole7	4	22848801	22858800	TMOL_18.115.1	22846296	22848823	-	23	sp|Q05652|KPEL_DROME	pll	Serine/threonine-protein kinase pelle	39.7	4.95e-90	281.0
D5overlap_farmed_only_4_R00605	FDM5pct_France_Netherlands_vs_Belgium2_4_R0095	France_Netherlands_vs_Belgium2	Dole7	4	22848801	22858800	TMOL_18.118.1	22849907	22850072	-	166						
D5overlap_farmed_only_4_R00605	FDM5pct_France_Netherlands_vs_Belgium2_4_R0095	France_Netherlands_vs_Belgium2	Dole7	4	22848801	22858800	TMOL_18.117.1	22850629	22851518	-	890						
D5overlap_farmed_only_4_R00605	FDM5pct_France_Netherlands_vs_Belgium2_4_R0095	France_Netherlands_vs_Belgium2	Dole7	4	22848801	22858800	TMOL_18.116.1	22851629	22851811	-	183						
D5overlap_farmed_only_4_R00605	FDM5pct_France_Netherlands_vs_Belgium2_4_R0095	France_Netherlands_vs_Belgium2	Dole7	4	22848801	22858800	TMOL_18.114.1	22852328	22856544	+	4217						
D5overlap_farmed_only_4_R00605	FDM5pct_France_Netherlands_vs_Belgium2_4_R0095	France_Netherlands_vs_Belgium2	Dole7	4	22848801	22858800	TMOL_18.113.1	22856626	22856985	+	360						
D5overlap_farmed_only_6_R00717	FDM5pct_France_Netherlands_vs_Czechia_6_R0139	France_Netherlands_vs_Czechia	Dole7	6	13898791	13914999	TMOL_4.1348.1	13895513	13902923	+	4133	tr|M9PEG6|M9PEG6_DROME	ZnT63C	Zinc transporter 63C	64.8	7.94e-183	520.0
D5overlap_farmed_only_6_R00717	FDM5pct_France_Netherlands_vs_Czechia_6_R0139	France_Netherlands_vs_Czechia	Dole7	6	13898791	13914999	TMOL_4.1351.1	13902773	13903479	-	707						
D5overlap_farmed_only_6_R00717	FDM5pct_France_Netherlands_vs_Czechia_6_R0139	France_Netherlands_vs_Czechia	Dole7	6	13898791	13914999	TMOL_4.1350.1	13903124	13912380	-	9257	tr|Q9VAJ0|Q9VAJ0_DROME	Dmel\CG7582	lysoplasmalogenase	41.4	1.27e-39	144.0
D5overlap_farmed_only_6_R00717	FDM5pct_France_Netherlands_vs_Czechia_6_R0139	France_Netherlands_vs_Czechia	Dole7	6	13898791	13914999	TMOL_4.1352.1	13912788	13914235	-	1448	tr|Q9VPB9|Q9VPB9_DROME	Pex16	Peroxisomal membrane protein PEX16	41.7	9.73e-90	271.0
D5overlap_farmed_only_6_R00717	FDM5pct_France_Netherlands_vs_Czechia_6_R0139	France_Netherlands_vs_Czechia	Dole7	6	13898791	13914999	TMOL_4.1353.1	13914662	13919600	-	338	tr|E1JI03|E1JI03_DROME	bmm	Brummer	57.1	1.05e-189	545.0
D5overlap_farmed_only_6_R00735	FDM5pct_France_Netherlands_vs_Belgium2_6_R0098	France_Netherlands_vs_Belgium2	Dole7	6	19575000	19584999	TMOL_4.1850.1	19559369	19611924	+	10000						
D5overlap_farmed_only_6_R00735	FDM5pct_France_Netherlands_vs_Belgium2_6_R0098	France_Netherlands_vs_Belgium2	Dole7	6	19575000	19584999	TMOL_4.1851.1	19568524	19602013	+	10000						
D5overlap_farmed_only_6_R00735	FDM5pct_France_Netherlands_vs_Belgium2_6_R0098	France_Netherlands_vs_Belgium2	Dole7	6	19575000	19584999	TMOL_4.1852.1	19579371	19579958	-	588						
D5overlap_farmed_only_6_R00735	FDM5pct_France_Netherlands_vs_Czechia_6_R0140	France_Netherlands_vs_Czechia	Dole7	6	19575000	19584999	TMOL_4.1850.1	19559369	19611924	+	10000						
D5overlap_farmed_only_6_R00735	FDM5pct_France_Netherlands_vs_Czechia_6_R0140	France_Netherlands_vs_Czechia	Dole7	6	19575000	19584999	TMOL_4.1851.1	19568524	19602013	+	10000						
D5overlap_farmed_only_6_R00735	FDM5pct_France_Netherlands_vs_Czechia_6_R0140	France_Netherlands_vs_Czechia	Dole7	6	19575000	19584999	TMOL_4.1852.1	19579371	19579958	-	588						
D5overlap_farmed_only_6_R00739	FDM5pct_France_Netherlands_vs_Czechia_6_R0141	France_Netherlands_vs_Czechia	Dole7	6	20085000	20104999	TMOL_4.1903.1	20078788	20102830	+	17831						
D5overlap_farmed_only_6_R00739	FDM5pct_France_Netherlands_vs_Czechia_6_R0141	France_Netherlands_vs_Czechia	Dole7	6	20085000	20104999	TMOL_4.1905.1	20086103	20086309	+	207						
D5overlap_farmed_only_6_R00739	FDM5pct_France_Netherlands_vs_Czechia_6_R0141	France_Netherlands_vs_Czechia	Dole7	6	20085000	20104999	TMOL_4.1904.1	20102476	20108433	+	2524						
D5overlap_farmed_only_6_R00740	FDM5pct_France_Netherlands_vs_Czechia_6_R0141	France_Netherlands_vs_Czechia	Dole7	6	20125000	20134999	TMOL_4.1909.1	20124586	20125522	-	523						
D5overlap_farmed_only_6_R00740	FDM5pct_France_Netherlands_vs_Czechia_6_R0141	France_Netherlands_vs_Czechia	Dole7	6	20125000	20134999	TMOL_4.1908.1	20125298	20133232	-	7935	tr|E1JHB7|E1JHB7_DROME	Pvr	PDGF- and VEGF-receptor related	30.6	9.47e-142	462.0
D5overlap_farmed_only_6_R00743	FDM5pct_France_Netherlands_vs_Czechia_6_R0142	France_Netherlands_vs_Czechia	Dole7	6	20395000	20398791	TMOL_4.1937.1	20354453	20465169	+	3792						
D5overlap_farmed_only_6_R00747	FDM5pct_Canada_Belgium2_6_R0033	Canada_Belgium2	Mystik Canada	6	21665000	21674999	TMOL_4.2026.1	21599011	21694699	-	10000	tr|Q9VUJ3|Q9VUJ3_DROME	Sytbeta	Synaptotagmin beta	54.9	2.01e-139	414.0
D5overlap_farmed_only_6_R00756	FDM5pct_Canada_Belgium2_6_R0034	Canada_Belgium2	Mystik Canada	6	22495000	22504999	TMOL_4.2097.1	22504747	22507197	+	253						
D5overlap_farmed_only_6_R00757	FDM5pct_Canada_Belgium2_6_R0034	Canada_Belgium2	Mystik Canada	6	22515000	22544999	TMOL_4.2098.1	22529523	22533269	-	3747						
D5overlap_farmed_only_7_R00796	FDM5pct_Canada_Belgium2_7_R0035	Canada_Belgium2	Mystik Canada	7	19885000	19898655	TMOL_1.4033.1	19860726	20031730	+	13656	tr|M9PET2|M9PET2_DROME	tow	Target of wingless	42.7	1.03e-23	100.0
D5overlap_farmed_only_7_R00800	FDM5pct_Canada_Belgium2_7_R0036	Canada_Belgium2	Mystik Canada	7	20148655	20149999	TMOL_1.4047.1	20137352	20162077	+	1345						
D5overlap_farmed_only_7_R00800	FDM5pct_Canada_Belgium2_7_R0036	Canada_Belgium2	Mystik Canada	7	20148655	20149999	TMOL_1.4048.1	20137352	20164999	+	1345						
D5overlap_farmed_only_7_R00808	FDM5pct_Canada_Belgium2_7_R0037	Canada_Belgium2	Mystik Canada	7	20530000	20548655	TMOL_1.4091.1	20522581	20574729	-	18656						
D5overlap_farmed_only_7_R00808	FDM5pct_Canada_Belgium2_7_R0037	Canada_Belgium2	Mystik Canada	7	20530000	20548655	TMOL_1.4096.1	20548341	20551916	-	315						
D5overlap_farmed_only_7_R00808	FDM5pct_France_Netherlands_vs_Belgium2_7_R0075	France_Netherlands_vs_Belgium2	Dole7	7	20530000	20549999	TMOL_1.4091.1	20522581	20574729	-	20000						
D5overlap_farmed_only_7_R00808	FDM5pct_France_Netherlands_vs_Belgium2_7_R0075	France_Netherlands_vs_Belgium2	Dole7	7	20530000	20549999	TMOL_1.4096.1	20548341	20551916	-	1659						
D5overlap_farmed_only_7_R00808	FDM5pct_France_Netherlands_vs_Belgium2_7_R0075	France_Netherlands_vs_Belgium2	Dole7	7	20530000	20549999	TMOL_1.4097.1	20548932	20552575	-	1068						
D5overlap_farmed_only_7_R00808	FDM5pct_France_Netherlands_vs_Czechia_7_R0143	France_Netherlands_vs_Czechia	Dole7	7	20530000	20548655	TMOL_1.4091.1	20522581	20574729	-	18656						
D5overlap_farmed_only_7_R00808	FDM5pct_France_Netherlands_vs_Czechia_7_R0143	France_Netherlands_vs_Czechia	Dole7	7	20530000	20548655	TMOL_1.4096.1	20548341	20551916	-	315						
D5overlap_farmed_only_8_R00841	FDM5pct_Canada_Belgium2_8_R0021	Canada_Belgium2	Mystik Canada	8	9963615	9973614	TMOL_10.726.1	9966036	9966233	-	198						
D5overlap_farmed_only_8_R00841	FDM5pct_France_Netherlands_vs_Belgium2_8_R0084	France_Netherlands_vs_Belgium2	Dole7	8	9963615	9973614	TMOL_10.726.1	9966036	9966233	-	198						
D5overlap_farmed_only_8_R00841	FDM5pct_France_Netherlands_vs_Czechia_8_R0153	France_Netherlands_vs_Czechia	Dole7	8	9963615	9973614	TMOL_10.726.1	9966036	9966233	-	198						
D5overlap_farmed_only_8_R00844	FDM5pct_Canada_Belgium2_8_R0021	Canada_Belgium2	Mystik Canada	8	10138615	10158614	TMOL_10.741.1	10141235	10142011	-	777						
D5overlap_farmed_only_8_R00844	FDM5pct_Canada_Belgium2_8_R0021	Canada_Belgium2	Mystik Canada	8	10138615	10158614	TMOL_10.742.1	10155954	10156310	-	357						
D5overlap_farmed_only_8_R00850	FDM5pct_France_Netherlands_vs_Belgium2_8_R0086	France_Netherlands_vs_Belgium2	Dole7	8	10763615	10778929	TMOL_10.787.1	10765184	10766367	-	1184						
D5overlap_farmed_only_8_R00850	FDM5pct_France_Netherlands_vs_Belgium2_8_R0086	France_Netherlands_vs_Belgium2	Dole7	8	10763615	10778929	TMOL_10.791.1	10769858	10774586	+	4729						
D5overlap_farmed_only_8_R00850	FDM5pct_France_Netherlands_vs_Belgium2_8_R0086	France_Netherlands_vs_Belgium2	Dole7	8	10763615	10778929	TMOL_10.790.1	10773631	10778036	+	4406						
D5overlap_farmed_only_8_R00850	FDM5pct_France_Netherlands_vs_Czechia_8_R0154	France_Netherlands_vs_Czechia	Dole7	8	10763615	10778929	TMOL_10.787.1	10765184	10766367	-	1184						
D5overlap_farmed_only_8_R00850	FDM5pct_France_Netherlands_vs_Czechia_8_R0154	France_Netherlands_vs_Czechia	Dole7	8	10763615	10778929	TMOL_10.791.1	10769858	10774586	+	4729						
D5overlap_farmed_only_8_R00850	FDM5pct_France_Netherlands_vs_Czechia_8_R0154	France_Netherlands_vs_Czechia	Dole7	8	10763615	10778929	TMOL_10.790.1	10773631	10778036	+	4406						
D5overlap_farmed_only_8_R00860	FDM5pct_France_Netherlands_vs_Czechia_8_R0156	France_Netherlands_vs_Czechia	Dole7	8	12527042	12537041	TMOL_12.117.1	12525835	12539778	-	10000						
D5overlap_farmed_only_8_R00861	FDM5pct_France_Netherlands_vs_Czechia_8_R0156	France_Netherlands_vs_Czechia	Dole7	8	12547042	12572041	TMOL_12.118.1	12548696	12549602	-	907						
D5overlap_farmed_only_8_R00861	FDM5pct_France_Netherlands_vs_Czechia_8_R0156	France_Netherlands_vs_Czechia	Dole7	8	12547042	12572041	TMOL_12.119.1	12561354	12563586	+	2233						
