fdm_tail	comparison	P2	recipient_population	chromosome	start	end	n_100kb_windows	max_fdm	window_ids	fdm_tail_label	introgression_region_id
0.05	Canada_Belgium2	Mystik Canada	Mystik Canada	1	13920238	14070238	2	4.80288626023764	Canada_Belgium2_100kb_00000898,Canada_Belgium2_100kb_00000897	5%	FDM5pct_Canada_Belgium2_1_R0001
0.05	Canada_Belgium2	Mystik Canada	Mystik Canada	1	15970238	16370238	6	3.22901830666037	Canada_Belgium2_100kb_00000857,Canada_Belgium2_100kb_00000855,Canada_Belgium2_100kb_00000854,Canada_Belgium2_100kb_00000853,Canada_Belgium2_100kb_00000852,Canada_Belgium2_100kb_00000851	5%	FDM5pct_Canada_Belgium2_1_R0002
0.05	Canada_Belgium2	Mystik Canada	Mystik Canada	1	16420238	16520238	1	7.05759442597184	Canada_Belgium2_100kb_00000848	5%	FDM5pct_Canada_Belgium2_1_R0003
0.05	Canada_Belgium2	Mystik Canada	Mystik Canada	1	16620238	16720238	1	2.50669363208042	Canada_Belgium2_100kb_00000844	5%	FDM5pct_Canada_Belgium2_1_R0004
0.05	Canada_Belgium2	Mystik Canada	Mystik Canada	1	18920238	19070238	2	5.71975799953409	Canada_Belgium2_100kb_00000798,Canada_Belgium2_100kb_00000797	5%	FDM5pct_Canada_Belgium2_1_R0005
0.05	Canada_Belgium2	Mystik Canada	Mystik Canada	1	24520238	25220238	13	20.0610867091746	Canada_Belgium2_100kb_00000686,Canada_Belgium2_100kb_00000685,Canada_Belgium2_100kb_00000684,Canada_Belgium2_100kb_00000683,Canada_Belgium2_100kb_00000682,Canada_Belgium2_100kb_00000681,Canada_Belgium2_100kb_00000680,Canada_Belgium2_100kb_00000679,Canada_Belgium2_100kb_00000678,Canada_Belgium2_100kb_00000677,Canada_Belgium2_100kb_00000676,Canada_Belgium2_100kb_00000675,Canada_Belgium2_100kb_00000674	5%	FDM5pct_Canada_Belgium2_1_R0006
0.05	Canada_Belgium2	Mystik Canada	Mystik Canada	1	25320238	25470238	2	1.49869479969746	Canada_Belgium2_100kb_00000670,Canada_Belgium2_100kb_00000669	5%	FDM5pct_Canada_Belgium2_1_R0007
0.05	Canada_Belgium2	Mystik Canada	Mystik Canada	1	25912429	26012429	1	2.3265959515322	Canada_Belgium2_100kb_00002592	5%	FDM5pct_Canada_Belgium2_1_R0008
0.05	Canada_Belgium2	Mystik Canada	Mystik Canada	1	26262429	26512429	4	2.06647685352784	Canada_Belgium2_100kb_00002585,Canada_Belgium2_100kb_00002584,Canada_Belgium2_100kb_00002583,Canada_Belgium2_100kb_00002582	5%	FDM5pct_Canada_Belgium2_1_R0009
0.05	Canada_Belgium2	Mystik Canada	Mystik Canada	1	27012429	27212429	3	16.8260682939587	Canada_Belgium2_100kb_00002570,Canada_Belgium2_100kb_00002569,Canada_Belgium2_100kb_00002568	5%	FDM5pct_Canada_Belgium2_1_R0010
0.05	Canada_Belgium2	Mystik Canada	Mystik Canada	1	27312429	27812429	9	7.71500985721789	Canada_Belgium2_100kb_00002564,Canada_Belgium2_100kb_00002563,Canada_Belgium2_100kb_00002562,Canada_Belgium2_100kb_00002561,Canada_Belgium2_100kb_00002560,Canada_Belgium2_100kb_00002559,Canada_Belgium2_100kb_00002558,Canada_Belgium2_100kb_00002557,Canada_Belgium2_100kb_00002556	5%	FDM5pct_Canada_Belgium2_1_R0011
0.05	Canada_Belgium2	Mystik Canada	Mystik Canada	1	27862429	28062429	3	2.18019074256242	Canada_Belgium2_100kb_00002553,Canada_Belgium2_100kb_00002552,Canada_Belgium2_100kb_00002551	5%	FDM5pct_Canada_Belgium2_1_R0012
0.05	Canada_Belgium2	Mystik Canada	Mystik Canada	1	29262429	29362429	1	2.13131003900277	Canada_Belgium2_100kb_00002525	5%	FDM5pct_Canada_Belgium2_1_R0013
0.05	Canada_Belgium2	Mystik Canada	Mystik Canada	1	29512429	29662429	2	13.1907285623893	Canada_Belgium2_100kb_00002520,Canada_Belgium2_100kb_00002519	5%	FDM5pct_Canada_Belgium2_1_R0014
0.05	Canada_Belgium2	Mystik Canada	Mystik Canada	1	30162429	30412429	3	14.226526863582	Canada_Belgium2_100kb_00002507,Canada_Belgium2_100kb_00002506,Canada_Belgium2_100kb_00002504	5%	FDM5pct_Canada_Belgium2_1_R0015
0.05	Canada_Belgium2	Mystik Canada	Mystik Canada	1	30462429	30562429	1	3.31531603896977	Canada_Belgium2_100kb_00002501	5%	FDM5pct_Canada_Belgium2_1_R0016
0.05	Canada_Belgium2	Mystik Canada	Mystik Canada	1	32762429	33212429	8	9.32652358628938	Canada_Belgium2_100kb_00002455,Canada_Belgium2_100kb_00002454,Canada_Belgium2_100kb_00002453,Canada_Belgium2_100kb_00002452,Canada_Belgium2_100kb_00002451,Canada_Belgium2_100kb_00002450,Canada_Belgium2_100kb_00002449,Canada_Belgium2_100kb_00002448	5%	FDM5pct_Canada_Belgium2_1_R0017
0.05	Canada_Belgium2	Mystik Canada	Mystik Canada	5	6682	106682	1	6.91948748181027	Canada_Belgium2_100kb_00001179	5%	FDM5pct_Canada_Belgium2_5_R0018
0.05	Canada_Belgium2	Mystik Canada	Mystik Canada	5	5606682	5756682	2	1.5657452383991	Canada_Belgium2_100kb_00001291,Canada_Belgium2_100kb_00001292	5%	FDM5pct_Canada_Belgium2_5_R0019
0.05	Canada_Belgium2	Mystik Canada	Mystik Canada	5	20856682	20956682	1	3.1348819881273	Canada_Belgium2_100kb_00001596	5%	FDM5pct_Canada_Belgium2_5_R0020
0.05	Canada_Belgium2	Mystik Canada	Mystik Canada	8	9928929	10378929	8	20.8422227573534	Canada_Belgium2_100kb_00004483,Canada_Belgium2_100kb_00004484,Canada_Belgium2_100kb_00004485,Canada_Belgium2_100kb_00004486,Canada_Belgium2_100kb_00004487,Canada_Belgium2_100kb_00004488,Canada_Belgium2_100kb_00004489,Canada_Belgium2_100kb_00004490	5%	FDM5pct_Canada_Belgium2_8_R0021
0.05	Canada_Belgium2	Mystik Canada	Mystik Canada	8	11234664	11334664	1	1.30124646362533	Canada_Belgium2_100kb_00004705	5%	FDM5pct_Canada_Belgium2_8_R0022
0.05	Canada_Belgium2	Mystik Canada	Mystik Canada	4	5028305	5128305	1	2.91052501740036	Canada_Belgium2_100kb_00004605	5%	FDM5pct_Canada_Belgium2_4_R0023
0.05	Canada_Belgium2	Mystik Canada	Mystik Canada	4	10502016	10902016	6	43.8991581016907	Canada_Belgium2_100kb_00005234,Canada_Belgium2_100kb_00005232,Canada_Belgium2_100kb_00005231,Canada_Belgium2_100kb_00005230,Canada_Belgium2_100kb_00005229,Canada_Belgium2_100kb_00005228	5%	FDM5pct_Canada_Belgium2_4_R0024
0.05	Canada_Belgium2	Mystik Canada	Mystik Canada	4	10952016	11052016	1	2.80417739273935	Canada_Belgium2_100kb_00005225	5%	FDM5pct_Canada_Belgium2_4_R0025
0.05	Canada_Belgium2	Mystik Canada	Mystik Canada	4	11852016	12052016	3	4.70068551370674	Canada_Belgium2_100kb_00005207,Canada_Belgium2_100kb_00005206,Canada_Belgium2_100kb_00005205	5%	FDM5pct_Canada_Belgium2_4_R0026
0.05	Canada_Belgium2	Mystik Canada	Mystik Canada	4	16673973	16923973	4	2.3694786347722	Canada_Belgium2_100kb_00004987,Canada_Belgium2_100kb_00004986,Canada_Belgium2_100kb_00004985,Canada_Belgium2_100kb_00004984	5%	FDM5pct_Canada_Belgium2_4_R0027
0.05	Canada_Belgium2	Mystik Canada	Mystik Canada	4	17423973	17523973	1	1.31195016421765	Canada_Belgium2_100kb_00004972	5%	FDM5pct_Canada_Belgium2_4_R0028
0.05	Canada_Belgium2	Mystik Canada	Mystik Canada	4	17773973	17873973	1	2.49744358732358	Canada_Belgium2_100kb_00004965	5%	FDM5pct_Canada_Belgium2_4_R0029
0.05	Canada_Belgium2	Mystik Canada	Mystik Canada	4	23564431	23664431	1	2.39499967183729	Canada_Belgium2_100kb_00005011	5%	FDM5pct_Canada_Belgium2_4_R0030
0.05	Canada_Belgium2	Mystik Canada	Mystik Canada	2	19081045	19181045	1	1.47557730742185	Canada_Belgium2_100kb_00000380	5%	FDM5pct_Canada_Belgium2_2_R0031
0.05	Canada_Belgium2	Mystik Canada	Mystik Canada	2	30631045	30731045	1	2.57158883590801	Canada_Belgium2_100kb_00000611	5%	FDM5pct_Canada_Belgium2_2_R0032
0.05	Canada_Belgium2	Mystik Canada	Mystik Canada	6	21598791	21698791	1	1.46207524863721	Canada_Belgium2_100kb_00002124	5%	FDM5pct_Canada_Belgium2_6_R0033
0.05	Canada_Belgium2	Mystik Canada	Mystik Canada	6	22198791	22548791	6	2.19057460121871	Canada_Belgium2_100kb_00002136,Canada_Belgium2_100kb_00002137,Canada_Belgium2_100kb_00002138,Canada_Belgium2_100kb_00002139,Canada_Belgium2_100kb_00002140,Canada_Belgium2_100kb_00002141	5%	FDM5pct_Canada_Belgium2_6_R0034
0.05	Canada_Belgium2	Mystik Canada	Mystik Canada	7	19798655	19898655	1	1.53748172396341	Canada_Belgium2_100kb_00002989	5%	FDM5pct_Canada_Belgium2_7_R0035
0.05	Canada_Belgium2	Mystik Canada	Mystik Canada	7	20148655	20248655	1	1.38225966472585	Canada_Belgium2_100kb_00002996	5%	FDM5pct_Canada_Belgium2_7_R0036
0.05	Canada_Belgium2	Mystik Canada	Mystik Canada	7	20448655	20548655	1	1.55851318213697	Canada_Belgium2_100kb_00003002	5%	FDM5pct_Canada_Belgium2_7_R0037
0.05	Canada_Belgium2	Mystik Canada	Mystik Canada	7	21348655	21448655	1	1.70257128803299	Canada_Belgium2_100kb_00003020	5%	FDM5pct_Canada_Belgium2_7_R0038
0.05	Canada_Belgium2	Mystik Canada	Mystik Canada	3	8465254	8565254	1	2.00128193267657	Canada_Belgium2_100kb_00003200	5%	FDM5pct_Canada_Belgium2_3_R0039
0.05	Canada_Belgium2	Mystik Canada	Mystik Canada	3	12065254	12165254	1	1.77258988026373	Canada_Belgium2_100kb_00003272	5%	FDM5pct_Canada_Belgium2_3_R0040
0.05	Canada_Belgium2	Mystik Canada	Mystik Canada	3	21485837	21585837	1	2.16438468840298	Canada_Belgium2_100kb_00004236	5%	FDM5pct_Canada_Belgium2_3_R0041
0.05	Canada_Belgium2	Mystik Canada	Mystik Canada	3	21735837	21835837	1	1.43345270911369	Canada_Belgium2_100kb_00004231	5%	FDM5pct_Canada_Belgium2_3_R0042
0.05	Canada_Belgium2	Mystik Canada	Mystik Canada	10	6336996	6486996	2	2.32457595293877	Canada_Belgium2_100kb_00003859,Canada_Belgium2_100kb_00003860	5%	FDM5pct_Canada_Belgium2_10_R0043
0.05	Canada_Belgium2	Mystik Canada	Mystik Canada	10	9686996	9836996	2	3.57316570935881	Canada_Belgium2_100kb_00003926,Canada_Belgium2_100kb_00003927	5%	FDM5pct_Canada_Belgium2_10_R0044
0.05	France_Netherlands_vs_Belgium2	Ynsect7 France	Dole7	2	7981045	8081045	1	1.31573434881667	France_Netherlands_vs_Belgium2_100kb_00017722	5%	FDM5pct_France_Netherlands_vs_Belgium2_2_R0045
0.05	France_Netherlands_vs_Belgium2	Ynsect7 France	Dole7	2	14031045	14131045	1	43.4408767265066	France_Netherlands_vs_Belgium2_100kb_00017843	5%	FDM5pct_France_Netherlands_vs_Belgium2_2_R0046
0.05	France_Netherlands_vs_Belgium2	Ynsect7 France	Dole7	2	14731045	14881045	2	1.80986241375485	France_Netherlands_vs_Belgium2_100kb_00017857,France_Netherlands_vs_Belgium2_100kb_00017858	5%	FDM5pct_France_Netherlands_vs_Belgium2_2_R0047
0.05	France_Netherlands_vs_Belgium2	Ynsect7 France	Dole7	2	15031045	15131045	1	1.59059247066616	France_Netherlands_vs_Belgium2_100kb_00017863	5%	FDM5pct_France_Netherlands_vs_Belgium2_2_R0048
0.05	France_Netherlands_vs_Belgium2	Ynsect7 France	Dole7	2	18831045	18981045	2	2.11272854866597	France_Netherlands_vs_Belgium2_100kb_00017939,France_Netherlands_vs_Belgium2_100kb_00017940	5%	FDM5pct_France_Netherlands_vs_Belgium2_2_R0049
0.05	France_Netherlands_vs_Belgium2	Ynsect7 France	Dole7	2	19031045	19231045	3	1.40496043550663	France_Netherlands_vs_Belgium2_100kb_00017943,France_Netherlands_vs_Belgium2_100kb_00017944,France_Netherlands_vs_Belgium2_100kb_00017945	5%	FDM5pct_France_Netherlands_vs_Belgium2_2_R0050
0.05	France_Netherlands_vs_Belgium2	Ynsect7 France	Dole7	2	22281045	22381045	1	1.42368664396123	France_Netherlands_vs_Belgium2_100kb_00018008	5%	FDM5pct_France_Netherlands_vs_Belgium2_2_R0051
0.05	France_Netherlands_vs_Belgium2	Ynsect7 France	Dole7	2	29431045	29531045	1	1.4234858594756	France_Netherlands_vs_Belgium2_100kb_00018151	5%	FDM5pct_France_Netherlands_vs_Belgium2_2_R0052
0.05	France_Netherlands_vs_Belgium2	Ynsect7 France	Dole7	2	30231045	30481045	4	2.4641948704573	France_Netherlands_vs_Belgium2_100kb_00018167,France_Netherlands_vs_Belgium2_100kb_00018168,France_Netherlands_vs_Belgium2_100kb_00018169,France_Netherlands_vs_Belgium2_100kb_00018170	5%	FDM5pct_France_Netherlands_vs_Belgium2_2_R0053
0.05	France_Netherlands_vs_Belgium2	Ynsect7 France	Dole7	2	32931045	33031045	1	1.67256065075968	France_Netherlands_vs_Belgium2_100kb_00018221	5%	FDM5pct_France_Netherlands_vs_Belgium2_2_R0054
0.05	France_Netherlands_vs_Belgium2	Ynsect7 France	Dole7	1	11170238	11270238	1	4.61477920952322	France_Netherlands_vs_Belgium2_100kb_00018517	5%	FDM5pct_France_Netherlands_vs_Belgium2_1_R0055
0.05	France_Netherlands_vs_Belgium2	Ynsect7 France	Dole7	1	14020238	14170238	2	1.77275905314535	France_Netherlands_vs_Belgium2_100kb_00018460,France_Netherlands_vs_Belgium2_100kb_00018459	5%	FDM5pct_France_Netherlands_vs_Belgium2_1_R0056
0.05	France_Netherlands_vs_Belgium2	Ynsect7 France	Dole7	1	14570238	14670238	1	1.62126472796649	France_Netherlands_vs_Belgium2_100kb_00018449	5%	FDM5pct_France_Netherlands_vs_Belgium2_1_R0057
0.05	France_Netherlands_vs_Belgium2	Ynsect7 France	Dole7	1	18820238	18970238	2	1.93707636797773	France_Netherlands_vs_Belgium2_100kb_00018364,France_Netherlands_vs_Belgium2_100kb_00018363	5%	FDM5pct_France_Netherlands_vs_Belgium2_1_R0058
0.05	France_Netherlands_vs_Belgium2	Ynsect7 France	Dole7	1	19470238	19720238	3	1.60571260957656	France_Netherlands_vs_Belgium2_100kb_00018351,France_Netherlands_vs_Belgium2_100kb_00018349,France_Netherlands_vs_Belgium2_100kb_00018348	5%	FDM5pct_France_Netherlands_vs_Belgium2_1_R0059
0.05	France_Netherlands_vs_Belgium2	Ynsect7 France	Dole7	1	21820238	21920238	1	2.56227234101529	France_Netherlands_vs_Belgium2_100kb_00018304	5%	FDM5pct_France_Netherlands_vs_Belgium2_1_R0060
0.05	France_Netherlands_vs_Belgium2	Ynsect7 France	Dole7	1	23220238	23420238	3	9.54041869802747	France_Netherlands_vs_Belgium2_100kb_00018276,France_Netherlands_vs_Belgium2_100kb_00018275,France_Netherlands_vs_Belgium2_100kb_00018274	5%	FDM5pct_France_Netherlands_vs_Belgium2_1_R0061
0.05	France_Netherlands_vs_Belgium2	Ynsect7 France	Dole7	1	24420238	24920238	7	8.17994876915759	France_Netherlands_vs_Belgium2_100kb_00018252,France_Netherlands_vs_Belgium2_100kb_00018251,France_Netherlands_vs_Belgium2_100kb_00018250,France_Netherlands_vs_Belgium2_100kb_00018248,France_Netherlands_vs_Belgium2_100kb_00018247,France_Netherlands_vs_Belgium2_100kb_00018246,France_Netherlands_vs_Belgium2_100kb_00018244	5%	FDM5pct_France_Netherlands_vs_Belgium2_1_R0062
0.05	France_Netherlands_vs_Belgium2	Ynsect7 France	Dole7	1	28262429	28362429	1	1.39414719158095	France_Netherlands_vs_Belgium2_100kb_00020109	5%	FDM5pct_France_Netherlands_vs_Belgium2_1_R0063
0.05	France_Netherlands_vs_Belgium2	Ynsect7 France	Dole7	1	28562429	28712429	2	1.38279567075739	France_Netherlands_vs_Belgium2_100kb_00020103,France_Netherlands_vs_Belgium2_100kb_00020102	5%	FDM5pct_France_Netherlands_vs_Belgium2_1_R0064
0.05	France_Netherlands_vs_Belgium2	Ynsect7 France	Dole7	1	28912429	29012429	1	1.83039431559734	France_Netherlands_vs_Belgium2_100kb_00020096	5%	FDM5pct_France_Netherlands_vs_Belgium2_1_R0065
0.05	France_Netherlands_vs_Belgium2	Ynsect7 France	Dole7	1	29162429	29312429	2	16.1934781458524	France_Netherlands_vs_Belgium2_100kb_00020091,France_Netherlands_vs_Belgium2_100kb_00020090	5%	FDM5pct_France_Netherlands_vs_Belgium2_1_R0066
0.05	France_Netherlands_vs_Belgium2	Ynsect7 France	Dole7	1	29812429	29962429	2	7.59882301766024	France_Netherlands_vs_Belgium2_100kb_00020078,France_Netherlands_vs_Belgium2_100kb_00020077	5%	FDM5pct_France_Netherlands_vs_Belgium2_1_R0067
0.05	France_Netherlands_vs_Belgium2	Ynsect7 France	Dole7	1	30162429	30412429	3	16.4345985111489	France_Netherlands_vs_Belgium2_100kb_00020071,France_Netherlands_vs_Belgium2_100kb_00020070,France_Netherlands_vs_Belgium2_100kb_00020068	5%	FDM5pct_France_Netherlands_vs_Belgium2_1_R0068
0.05	France_Netherlands_vs_Belgium2	Ynsect7 France	Dole7	1	30762429	30862429	1	1.50603325280759	France_Netherlands_vs_Belgium2_100kb_00020059	5%	FDM5pct_France_Netherlands_vs_Belgium2_1_R0069
0.05	France_Netherlands_vs_Belgium2	Ynsect7 France	Dole7	1	32412429	32562429	2	1.42321126859457	France_Netherlands_vs_Belgium2_100kb_00020026,France_Netherlands_vs_Belgium2_100kb_00020025	5%	FDM5pct_France_Netherlands_vs_Belgium2_1_R0070
0.05	France_Netherlands_vs_Belgium2	Ynsect7 France	Dole7	5	6706682	6856682	2	2.65021853412137	France_Netherlands_vs_Belgium2_100kb_00018877,France_Netherlands_vs_Belgium2_100kb_00018878	5%	FDM5pct_France_Netherlands_vs_Belgium2_5_R0071
0.05	France_Netherlands_vs_Belgium2	Ynsect7 France	Dole7	5	19556682	19656682	1	15.1389852263073	France_Netherlands_vs_Belgium2_100kb_00019134	5%	FDM5pct_France_Netherlands_vs_Belgium2_5_R0072
0.05	France_Netherlands_vs_Belgium2	Ynsect7 France	Dole7	5	20856682	20956682	1	1.15132210166598	France_Netherlands_vs_Belgium2_100kb_00019160	5%	FDM5pct_France_Netherlands_vs_Belgium2_5_R0073
0.05	France_Netherlands_vs_Belgium2	Ynsect7 France	Dole7	5	21056682	21156682	1	4.2082313346792	France_Netherlands_vs_Belgium2_100kb_00019164	5%	FDM5pct_France_Netherlands_vs_Belgium2_5_R0074
0.05	France_Netherlands_vs_Belgium2	Ynsect7 France	Dole7	7	20448655	20598655	2	2.07447739677708	France_Netherlands_vs_Belgium2_100kb_00020566,France_Netherlands_vs_Belgium2_100kb_00020567	5%	FDM5pct_France_Netherlands_vs_Belgium2_7_R0075
0.05	France_Netherlands_vs_Belgium2	Ynsect7 France	Dole7	7	21348655	21498655	2	4.09681709070681	France_Netherlands_vs_Belgium2_100kb_00020584,France_Netherlands_vs_Belgium2_100kb_00020585	5%	FDM5pct_France_Netherlands_vs_Belgium2_7_R0076
0.05	France_Netherlands_vs_Belgium2	Ynsect7 France	Dole7	9	1122961	1222961	1	4.20849602321938	France_Netherlands_vs_Belgium2_100kb_00021272	5%	FDM5pct_France_Netherlands_vs_Belgium2_9_R0077
0.05	France_Netherlands_vs_Belgium2	Ynsect7 France	Dole7	10	6436996	6536996	1	3.00516122277338	France_Netherlands_vs_Belgium2_100kb_00021425	5%	FDM5pct_France_Netherlands_vs_Belgium2_10_R0078
0.05	France_Netherlands_vs_Belgium2	Ynsect7 France	Dole7	10	6686996	6786996	1	1.2267682333431	France_Netherlands_vs_Belgium2_100kb_00021430	5%	FDM5pct_France_Netherlands_vs_Belgium2_10_R0079
0.05	France_Netherlands_vs_Belgium2	Ynsect7 France	Dole7	10	9936996	10036996	1	1.1454146680125	France_Netherlands_vs_Belgium2_100kb_00021495	5%	FDM5pct_France_Netherlands_vs_Belgium2_10_R0080
0.05	France_Netherlands_vs_Belgium2	Ynsect7 France	Dole7	10	10636996	10736996	1	1.13897403885529	France_Netherlands_vs_Belgium2_100kb_00021509	5%	FDM5pct_France_Netherlands_vs_Belgium2_10_R0081
0.05	France_Netherlands_vs_Belgium2	Ynsect7 France	Dole7	10	10836996	10936996	1	5.39019137089387	France_Netherlands_vs_Belgium2_100kb_00021513	5%	FDM5pct_France_Netherlands_vs_Belgium2_10_R0082
0.05	France_Netherlands_vs_Belgium2	Ynsect7 France	Dole7	10	11236996	11336996	1	1.26995372323072	France_Netherlands_vs_Belgium2_100kb_00021521	5%	FDM5pct_France_Netherlands_vs_Belgium2_10_R0083
0.05	France_Netherlands_vs_Belgium2	Ynsect7 France	Dole7	8	9928929	10078929	2	2.16835975115436	France_Netherlands_vs_Belgium2_100kb_00022047,France_Netherlands_vs_Belgium2_100kb_00022048	5%	FDM5pct_France_Netherlands_vs_Belgium2_8_R0084
0.05	France_Netherlands_vs_Belgium2	Ynsect7 France	Dole7	8	10378929	10478929	1	7.51462437119417	France_Netherlands_vs_Belgium2_100kb_00022056	5%	FDM5pct_France_Netherlands_vs_Belgium2_8_R0085
0.05	France_Netherlands_vs_Belgium2	Ynsect7 France	Dole7	8	10678929	10778929	1	1.55003417936196	France_Netherlands_vs_Belgium2_100kb_00022062	5%	FDM5pct_France_Netherlands_vs_Belgium2_8_R0086
0.05	France_Netherlands_vs_Belgium2	Ynsect7 France	Dole7	8	11234664	11634664	7	9.30653577980558	France_Netherlands_vs_Belgium2_100kb_00022269,France_Netherlands_vs_Belgium2_100kb_00022270,France_Netherlands_vs_Belgium2_100kb_00022271,France_Netherlands_vs_Belgium2_100kb_00022272,France_Netherlands_vs_Belgium2_100kb_00022273,France_Netherlands_vs_Belgium2_100kb_00022274,France_Netherlands_vs_Belgium2_100kb_00022275	5%	FDM5pct_France_Netherlands_vs_Belgium2_8_R0087
0.05	France_Netherlands_vs_Belgium2	Ynsect7 France	Dole7	8	12634664	12784664	2	1.65573435961774	France_Netherlands_vs_Belgium2_100kb_00022297,France_Netherlands_vs_Belgium2_100kb_00022298	5%	FDM5pct_France_Netherlands_vs_Belgium2_8_R0088
0.05	France_Netherlands_vs_Belgium2	Ynsect7 France	Dole7	4	3828305	4028305	2	6.58128225555643	France_Netherlands_vs_Belgium2_100kb_00022145,France_Netherlands_vs_Belgium2_100kb_00022147	5%	FDM5pct_France_Netherlands_vs_Belgium2_4_R0089
0.05	France_Netherlands_vs_Belgium2	Ynsect7 France	Dole7	4	6228305	6378305	2	1.20378209632838	France_Netherlands_vs_Belgium2_100kb_00022193,France_Netherlands_vs_Belgium2_100kb_00022194	5%	FDM5pct_France_Netherlands_vs_Belgium2_4_R0090
0.05	France_Netherlands_vs_Belgium2	Ynsect7 France	Dole7	4	8678305	8778305	1	1.23732583830394	France_Netherlands_vs_Belgium2_100kb_00022242	5%	FDM5pct_France_Netherlands_vs_Belgium2_4_R0091
0.05	France_Netherlands_vs_Belgium2	Ynsect7 France	Dole7	4	12702016	12952016	3	2.50042724325192	France_Netherlands_vs_Belgium2_100kb_00022754,France_Netherlands_vs_Belgium2_100kb_00022752,France_Netherlands_vs_Belgium2_100kb_00022751	5%	FDM5pct_France_Netherlands_vs_Belgium2_4_R0092
0.05	France_Netherlands_vs_Belgium2	Ynsect7 France	Dole7	4	14452016	14552016	1	2.88852632210829	France_Netherlands_vs_Belgium2_100kb_00022719	5%	FDM5pct_France_Netherlands_vs_Belgium2_4_R0093
0.05	France_Netherlands_vs_Belgium2	Ynsect7 France	Dole7	4	14652016	14752016	1	1.65286633250678	France_Netherlands_vs_Belgium2_100kb_00022715	5%	FDM5pct_France_Netherlands_vs_Belgium2_4_R0094
0.05	France_Netherlands_vs_Belgium2	Ynsect7 France	Dole7	4	22807904	22907904	1	1.43476028633381	France_Netherlands_vs_Belgium2_100kb_00022906	5%	FDM5pct_France_Netherlands_vs_Belgium2_4_R0095
0.05	France_Netherlands_vs_Belgium2	Ynsect7 France	Dole7	6	15748791	15848791	1	1.77950448722027	France_Netherlands_vs_Belgium2_100kb_00019571	5%	FDM5pct_France_Netherlands_vs_Belgium2_6_R0096
0.05	France_Netherlands_vs_Belgium2	Ynsect7 France	Dole7	6	18048791	18198791	2	1.19233102354855	France_Netherlands_vs_Belgium2_100kb_00019617,France_Netherlands_vs_Belgium2_100kb_00019618	5%	FDM5pct_France_Netherlands_vs_Belgium2_6_R0097
0.05	France_Netherlands_vs_Belgium2	Ynsect7 France	Dole7	6	19548791	19648791	1	3.90340457911115	France_Netherlands_vs_Belgium2_100kb_00019647	5%	FDM5pct_France_Netherlands_vs_Belgium2_6_R0098
0.05	France_Netherlands_vs_Belgium2	Ynsect7 France	Dole7	3	10315254	10415254	1	2.56524970768445	France_Netherlands_vs_Belgium2_100kb_00020801	5%	FDM5pct_France_Netherlands_vs_Belgium2_3_R0099
0.05	France_Netherlands_vs_Belgium2	Ynsect7 France	Dole7	3	11965254	12065254	1	1.24041187590914	France_Netherlands_vs_Belgium2_100kb_00020834	5%	FDM5pct_France_Netherlands_vs_Belgium2_3_R0100
0.05	France_Netherlands_vs_Belgium2	Ynsect7 France	Dole7	3	13865254	14015254	2	1.50465300793825	France_Netherlands_vs_Belgium2_100kb_00020872,France_Netherlands_vs_Belgium2_100kb_00020873	5%	FDM5pct_France_Netherlands_vs_Belgium2_3_R0101
0.05	France_Netherlands_vs_Belgium2	Ynsect7 France	Dole7	3	14365254	14565254	2	2.81344784366211	France_Netherlands_vs_Belgium2_100kb_00020882,France_Netherlands_vs_Belgium2_100kb_00020884	5%	FDM5pct_France_Netherlands_vs_Belgium2_3_R0102
0.05	France_Netherlands_vs_Belgium2	Ynsect7 France	Dole7	3	15365254	15465254	1	1.26701220944403	France_Netherlands_vs_Belgium2_100kb_00020902	5%	FDM5pct_France_Netherlands_vs_Belgium2_3_R0103
0.05	France_Netherlands_vs_Belgium2	Ynsect7 France	Dole7	3	16615254	16715254	1	3.74996043881862	France_Netherlands_vs_Belgium2_100kb_00020927	5%	FDM5pct_France_Netherlands_vs_Belgium2_3_R0104
0.05	France_Netherlands_vs_Belgium2	Ynsect7 France	Dole7	3	21235837	21335837	1	1.13253180272113	France_Netherlands_vs_Belgium2_100kb_00021805	5%	FDM5pct_France_Netherlands_vs_Belgium2_3_R0105
0.05	France_Netherlands_vs_Belgium2	Ynsect7 France	Dole7	3	23535837	23685837	2	3.50524182303324	France_Netherlands_vs_Belgium2_100kb_00021759,France_Netherlands_vs_Belgium2_100kb_00021758	5%	FDM5pct_France_Netherlands_vs_Belgium2_3_R0106
0.05	France_Netherlands_vs_Belgium2	Ynsect7 France	Dole7	3	23885837	23985837	1	1.30127758226356	France_Netherlands_vs_Belgium2_100kb_00021752	5%	FDM5pct_France_Netherlands_vs_Belgium2_3_R0107
0.05	France_Netherlands_vs_Belgium2	Ynsect7 France	Dole7	3	27335837	27435837	1	2.11850299951854	France_Netherlands_vs_Belgium2_100kb_00021683	5%	FDM5pct_France_Netherlands_vs_Belgium2_3_R0108
0.05	France_Netherlands_vs_Czechia	Ynsect7 France	Dole7	2	13181045	13281045	1	1.32070616593754	France_Netherlands_vs_Czechia_100kb_00009044	5%	FDM5pct_France_Netherlands_vs_Czechia_2_R0109
0.05	France_Netherlands_vs_Czechia	Ynsect7 France	Dole7	2	15031045	15131045	1	2.49054726748555	France_Netherlands_vs_Czechia_100kb_00009081	5%	FDM5pct_France_Netherlands_vs_Czechia_2_R0110
0.05	France_Netherlands_vs_Czechia	Ynsect7 France	Dole7	2	18831045	18981045	2	1.69504640370607	France_Netherlands_vs_Czechia_100kb_00009157,France_Netherlands_vs_Czechia_100kb_00009158	5%	FDM5pct_France_Netherlands_vs_Czechia_2_R0111
0.05	France_Netherlands_vs_Czechia	Ynsect7 France	Dole7	2	22281045	22381045	1	1.31780516219742	France_Netherlands_vs_Czechia_100kb_00009226	5%	FDM5pct_France_Netherlands_vs_Czechia_2_R0112
0.05	France_Netherlands_vs_Czechia	Ynsect7 France	Dole7	2	29381045	29531045	2	4.49319471093414	France_Netherlands_vs_Czechia_100kb_00009368,France_Netherlands_vs_Czechia_100kb_00009369	5%	FDM5pct_France_Netherlands_vs_Czechia_2_R0113
0.05	France_Netherlands_vs_Czechia	Ynsect7 France	Dole7	2	30381045	30531045	2	134.408945535607	France_Netherlands_vs_Czechia_100kb_00009388,France_Netherlands_vs_Czechia_100kb_00009389	5%	FDM5pct_France_Netherlands_vs_Czechia_2_R0114
0.05	France_Netherlands_vs_Czechia	Ynsect7 France	Dole7	2	32931045	33031045	1	1.55236134900703	France_Netherlands_vs_Czechia_100kb_00009439	5%	FDM5pct_France_Netherlands_vs_Czechia_2_R0115
0.05	France_Netherlands_vs_Czechia	Ynsect7 France	Dole7	1	11070238	11270238	2	4.09042662778058	France_Netherlands_vs_Czechia_100kb_00009737,France_Netherlands_vs_Czechia_100kb_00009735	5%	FDM5pct_France_Netherlands_vs_Czechia_1_R0116
0.05	France_Netherlands_vs_Czechia	Ynsect7 France	Dole7	1	12270238	12420238	2	3.90858760474008	France_Netherlands_vs_Czechia_100kb_00009713,France_Netherlands_vs_Czechia_100kb_00009712	5%	FDM5pct_France_Netherlands_vs_Czechia_1_R0117
0.05	France_Netherlands_vs_Czechia	Ynsect7 France	Dole7	1	18720238	18870238	2	2.43223839533702	France_Netherlands_vs_Czechia_100kb_00009584,France_Netherlands_vs_Czechia_100kb_00009583	5%	FDM5pct_France_Netherlands_vs_Czechia_1_R0118
0.05	France_Netherlands_vs_Czechia	Ynsect7 France	Dole7	1	19220238	19320238	1	103.742518858055	France_Netherlands_vs_Czechia_100kb_00009574	5%	FDM5pct_France_Netherlands_vs_Czechia_1_R0119
0.05	France_Netherlands_vs_Czechia	Ynsect7 France	Dole7	1	19470238	19770238	4	7.61190202179814	France_Netherlands_vs_Czechia_100kb_00009569,France_Netherlands_vs_Czechia_100kb_00009568,France_Netherlands_vs_Czechia_100kb_00009566,France_Netherlands_vs_Czechia_100kb_00009565	5%	FDM5pct_France_Netherlands_vs_Czechia_1_R0120
0.05	France_Netherlands_vs_Czechia	Ynsect7 France	Dole7	1	19820238	20020238	2	3.9623330488477	France_Netherlands_vs_Czechia_100kb_00009562,France_Netherlands_vs_Czechia_100kb_00009560	5%	FDM5pct_France_Netherlands_vs_Czechia_1_R0121
0.05	France_Netherlands_vs_Czechia	Ynsect7 France	Dole7	1	24670238	24770238	1	174.832422251373	France_Netherlands_vs_Czechia_100kb_00009465	5%	FDM5pct_France_Netherlands_vs_Czechia_1_R0122
0.05	France_Netherlands_vs_Czechia	Ynsect7 France	Dole7	1	25912429	26012429	1	2.58592005338109	France_Netherlands_vs_Czechia_100kb_00011374	5%	FDM5pct_France_Netherlands_vs_Czechia_1_R0123
0.05	France_Netherlands_vs_Czechia	Ynsect7 France	Dole7	1	26062429	26262429	3	4.75114824077935	France_Netherlands_vs_Czechia_100kb_00011371,France_Netherlands_vs_Czechia_100kb_00011370,France_Netherlands_vs_Czechia_100kb_00011369	5%	FDM5pct_France_Netherlands_vs_Czechia_1_R0124
0.05	France_Netherlands_vs_Czechia	Ynsect7 France	Dole7	1	26462429	26912429	8	18.1916907328544	France_Netherlands_vs_Czechia_100kb_00011363,France_Netherlands_vs_Czechia_100kb_00011362,France_Netherlands_vs_Czechia_100kb_00011361,France_Netherlands_vs_Czechia_100kb_00011360,France_Netherlands_vs_Czechia_100kb_00011359,France_Netherlands_vs_Czechia_100kb_00011358,France_Netherlands_vs_Czechia_100kb_00011357,France_Netherlands_vs_Czechia_100kb_00011356	5%	FDM5pct_France_Netherlands_vs_Czechia_1_R0125
0.05	France_Netherlands_vs_Czechia	Ynsect7 France	Dole7	1	27062429	27262429	3	1.58491823383835	France_Netherlands_vs_Czechia_100kb_00011351,France_Netherlands_vs_Czechia_100kb_00011350,France_Netherlands_vs_Czechia_100kb_00011349	5%	FDM5pct_France_Netherlands_vs_Czechia_1_R0126
0.05	France_Netherlands_vs_Czechia	Ynsect7 France	Dole7	1	27312429	27412429	1	4.42929432728581	France_Netherlands_vs_Czechia_100kb_00011346	5%	FDM5pct_France_Netherlands_vs_Czechia_1_R0127
0.05	France_Netherlands_vs_Czechia	Ynsect7 France	Dole7	1	27462429	27762429	4	9.75047585144906	France_Netherlands_vs_Czechia_100kb_00011343,France_Netherlands_vs_Czechia_100kb_00011342,France_Netherlands_vs_Czechia_100kb_00011340,France_Netherlands_vs_Czechia_100kb_00011339	5%	FDM5pct_France_Netherlands_vs_Czechia_1_R0128
0.05	France_Netherlands_vs_Czechia	Ynsect7 France	Dole7	1	27862429	28212429	5	2.4267092400557	France_Netherlands_vs_Czechia_100kb_00011335,France_Netherlands_vs_Czechia_100kb_00011334,France_Netherlands_vs_Czechia_100kb_00011333,France_Netherlands_vs_Czechia_100kb_00011331,France_Netherlands_vs_Czechia_100kb_00011330	5%	FDM5pct_France_Netherlands_vs_Czechia_1_R0129
0.05	France_Netherlands_vs_Czechia	Ynsect7 France	Dole7	1	28262429	28562429	4	2.45123643728271	France_Netherlands_vs_Czechia_100kb_00011327,France_Netherlands_vs_Czechia_100kb_00011326,France_Netherlands_vs_Czechia_100kb_00011324,France_Netherlands_vs_Czechia_100kb_00011323	5%	FDM5pct_France_Netherlands_vs_Czechia_1_R0130
0.05	France_Netherlands_vs_Czechia	Ynsect7 France	Dole7	1	29112429	29362429	4	26.1135977444069	France_Netherlands_vs_Czechia_100kb_00011310,France_Netherlands_vs_Czechia_100kb_00011309,France_Netherlands_vs_Czechia_100kb_00011308,France_Netherlands_vs_Czechia_100kb_00011307	5%	FDM5pct_France_Netherlands_vs_Czechia_1_R0131
0.05	France_Netherlands_vs_Czechia	Ynsect7 France	Dole7	1	30712429	31012429	4	23.0821557920882	France_Netherlands_vs_Czechia_100kb_00011278,France_Netherlands_vs_Czechia_100kb_00011277,France_Netherlands_vs_Czechia_100kb_00011276,France_Netherlands_vs_Czechia_100kb_00011274	5%	FDM5pct_France_Netherlands_vs_Czechia_1_R0132
0.05	France_Netherlands_vs_Czechia	Ynsect7 France	Dole7	1	32462429	32562429	1	1.40564732625272	France_Netherlands_vs_Czechia_100kb_00011243	5%	FDM5pct_France_Netherlands_vs_Czechia_1_R0133
0.05	France_Netherlands_vs_Czechia	Ynsect7 France	Dole7	5	656682	756682	1	66.8822642294601	France_Netherlands_vs_Czechia_100kb_00009974	5%	FDM5pct_France_Netherlands_vs_Czechia_5_R0134
0.05	France_Netherlands_vs_Czechia	Ynsect7 France	Dole7	5	5256682	5356682	1	1.70174241243838	France_Netherlands_vs_Czechia_100kb_00010066	5%	FDM5pct_France_Netherlands_vs_Czechia_5_R0135
0.05	France_Netherlands_vs_Czechia	Ynsect7 France	Dole7	5	5406682	5506682	1	2.43070740571144	France_Netherlands_vs_Czechia_100kb_00010069	5%	FDM5pct_France_Netherlands_vs_Czechia_5_R0136
0.05	France_Netherlands_vs_Czechia	Ynsect7 France	Dole7	5	19656682	19756682	1	4.82391369883523	France_Netherlands_vs_Czechia_100kb_00010354	5%	FDM5pct_France_Netherlands_vs_Czechia_5_R0137
0.05	France_Netherlands_vs_Czechia	Ynsect7 France	Dole7	5	20206682	20306682	1	1.7147177624805	France_Netherlands_vs_Czechia_100kb_00010365	5%	FDM5pct_France_Netherlands_vs_Czechia_5_R0138
0.05	France_Netherlands_vs_Czechia	Ynsect7 France	Dole7	6	13898791	14048791	2	6.4167433930537	France_Netherlands_vs_Czechia_100kb_00010752,France_Netherlands_vs_Czechia_100kb_00010753	5%	FDM5pct_France_Netherlands_vs_Czechia_6_R0139
0.05	France_Netherlands_vs_Czechia	Ynsect7 France	Dole7	6	19548791	19648791	1	39.7496010494327	France_Netherlands_vs_Czechia_100kb_00010865	5%	FDM5pct_France_Netherlands_vs_Czechia_6_R0140
0.05	France_Netherlands_vs_Czechia	Ynsect7 France	Dole7	6	20048791	20148791	1	1.41418001362393	France_Netherlands_vs_Czechia_100kb_00010875	5%	FDM5pct_France_Netherlands_vs_Czechia_6_R0141
0.05	France_Netherlands_vs_Czechia	Ynsect7 France	Dole7	6	20298791	20398791	1	1.85045841900548	France_Netherlands_vs_Czechia_100kb_00010880	5%	FDM5pct_France_Netherlands_vs_Czechia_6_R0142
0.05	France_Netherlands_vs_Czechia	Ynsect7 France	Dole7	7	20448655	20548655	1	8.65950121904378	France_Netherlands_vs_Czechia_100kb_00011784	5%	FDM5pct_France_Netherlands_vs_Czechia_7_R0143
0.05	France_Netherlands_vs_Czechia	Ynsect7 France	Dole7	9	1022961	1172961	2	5.49770506181177	France_Netherlands_vs_Czechia_100kb_00012492,France_Netherlands_vs_Czechia_100kb_00012491	5%	FDM5pct_France_Netherlands_vs_Czechia_9_R0144
0.05	France_Netherlands_vs_Czechia	Ynsect7 France	Dole7	10	6686996	6786996	1	2.62885687584024	France_Netherlands_vs_Czechia_100kb_00012648	5%	FDM5pct_France_Netherlands_vs_Czechia_10_R0145
0.05	France_Netherlands_vs_Czechia	Ynsect7 France	Dole7	10	10686996	10936996	4	6.96567586388183	France_Netherlands_vs_Czechia_100kb_00012728,France_Netherlands_vs_Czechia_100kb_00012729,France_Netherlands_vs_Czechia_100kb_00012730,France_Netherlands_vs_Czechia_100kb_00012731	5%	FDM5pct_France_Netherlands_vs_Czechia_10_R0146
0.05	France_Netherlands_vs_Czechia	Ynsect7 France	Dole7	10	12286996	12386996	1	1.49369089101445	France_Netherlands_vs_Czechia_100kb_00012760	5%	FDM5pct_France_Netherlands_vs_Czechia_10_R0147
0.05	France_Netherlands_vs_Czechia	Ynsect7 France	Dole7	3	12015254	12115254	1	3.00226719330359	France_Netherlands_vs_Czechia_100kb_00012053	5%	FDM5pct_France_Netherlands_vs_Czechia_3_R0148
0.05	France_Netherlands_vs_Czechia	Ynsect7 France	Dole7	3	14365254	14465254	1	5.02707315511104	France_Netherlands_vs_Czechia_100kb_00012100	5%	FDM5pct_France_Netherlands_vs_Czechia_3_R0149
0.05	France_Netherlands_vs_Czechia	Ynsect7 France	Dole7	3	16615254	16765254	2	4.9591821728747	France_Netherlands_vs_Czechia_100kb_00012145,France_Netherlands_vs_Czechia_100kb_00012146	5%	FDM5pct_France_Netherlands_vs_Czechia_3_R0150
0.05	France_Netherlands_vs_Czechia	Ynsect7 France	Dole7	3	20185837	20285837	1	1.65907315790964	France_Netherlands_vs_Czechia_100kb_00013044	5%	FDM5pct_France_Netherlands_vs_Czechia_3_R0151
0.05	France_Netherlands_vs_Czechia	Ynsect7 France	Dole7	3	28285837	28385837	1	7.27893261002745	France_Netherlands_vs_Czechia_100kb_00012882	5%	FDM5pct_France_Netherlands_vs_Czechia_3_R0152
0.05	France_Netherlands_vs_Czechia	Ynsect7 France	Dole7	8	9928929	10028929	1	3.60459957759564	France_Netherlands_vs_Czechia_100kb_00013265	5%	FDM5pct_France_Netherlands_vs_Czechia_8_R0153
0.05	France_Netherlands_vs_Czechia	Ynsect7 France	Dole7	8	10628929	10778929	2	7.50673509687318	France_Netherlands_vs_Czechia_100kb_00013279,France_Netherlands_vs_Czechia_100kb_00013280	5%	FDM5pct_France_Netherlands_vs_Czechia_8_R0154
0.05	France_Netherlands_vs_Czechia	Ynsect7 France	Dole7	8	11434664	11634664	3	10.5389963290333	France_Netherlands_vs_Czechia_100kb_00013491,France_Netherlands_vs_Czechia_100kb_00013492,France_Netherlands_vs_Czechia_100kb_00013493	5%	FDM5pct_France_Netherlands_vs_Czechia_8_R0155
0.05	France_Netherlands_vs_Czechia	Ynsect7 France	Dole7	8	12484664	12584664	1	2.16978675708967	France_Netherlands_vs_Czechia_100kb_00013512	5%	FDM5pct_France_Netherlands_vs_Czechia_8_R0156
0.05	France_Netherlands_vs_Czechia	Ynsect7 France	Dole7	4	3928305	4028305	1	2.54689211803291	France_Netherlands_vs_Czechia_100kb_00013365	5%	FDM5pct_France_Netherlands_vs_Czechia_4_R0157
0.05	France_Netherlands_vs_Czechia	Ynsect7 France	Dole7	4	5028305	5128305	1	3.22864216932501	France_Netherlands_vs_Czechia_100kb_00013387	5%	FDM5pct_France_Netherlands_vs_Czechia_4_R0158
0.05	France_Netherlands_vs_Czechia	Ynsect7 France	Dole7	4	7578305	7678305	1	1.52850897659116	France_Netherlands_vs_Czechia_100kb_00013438	5%	FDM5pct_France_Netherlands_vs_Czechia_4_R0159
0.05	France_Netherlands_vs_Czechia	Ynsect7 France	Dole7	4	10152016	10352016	3	2.82773007205714	France_Netherlands_vs_Czechia_100kb_00014023,France_Netherlands_vs_Czechia_100kb_00014022,France_Netherlands_vs_Czechia_100kb_00014021	5%	FDM5pct_France_Netherlands_vs_Czechia_4_R0160
0.05	France_Netherlands_vs_Czechia	Ynsect7 France	Dole7	4	12802016	12952016	2	1.99217469706703	France_Netherlands_vs_Czechia_100kb_00013970,France_Netherlands_vs_Czechia_100kb_00013969	5%	FDM5pct_France_Netherlands_vs_Czechia_4_R0161
0.05	France_Netherlands_vs_Czechia	Ynsect7 France	Dole7	4	16773973	16873973	1	1.42048214354003	France_Netherlands_vs_Czechia_100kb_00013767	5%	FDM5pct_France_Netherlands_vs_Czechia_4_R0162
0.05	France_Netherlands_vs_Czechia	Ynsect7 France	Dole7	4	17423973	17523973	1	1.37616390735676	France_Netherlands_vs_Czechia_100kb_00013754	5%	FDM5pct_France_Netherlands_vs_Czechia_4_R0163
0.01	Canada_Belgium2	Mystik Canada	Mystik Canada	1	16420238	16520238	1	7.05759442597184	Canada_Belgium2_100kb_00000848	1%	FDM1pct_Canada_Belgium2_1_R0164
0.01	Canada_Belgium2	Mystik Canada	Mystik Canada	1	24570238	24670238	1	11.3483152226593	Canada_Belgium2_100kb_00000685	1%	FDM1pct_Canada_Belgium2_1_R0165
0.01	Canada_Belgium2	Mystik Canada	Mystik Canada	1	24770238	25170238	6	20.0610867091746	Canada_Belgium2_100kb_00000681,Canada_Belgium2_100kb_00000679,Canada_Belgium2_100kb_00000678,Canada_Belgium2_100kb_00000677,Canada_Belgium2_100kb_00000676,Canada_Belgium2_100kb_00000675	1%	FDM1pct_Canada_Belgium2_1_R0166
0.01	Canada_Belgium2	Mystik Canada	Mystik Canada	1	27062429	27162429	1	16.8260682939587	Canada_Belgium2_100kb_00002569	1%	FDM1pct_Canada_Belgium2_1_R0167
0.01	Canada_Belgium2	Mystik Canada	Mystik Canada	1	27362429	27462429	1	7.71500985721789	Canada_Belgium2_100kb_00002563	1%	FDM1pct_Canada_Belgium2_1_R0168
0.01	Canada_Belgium2	Mystik Canada	Mystik Canada	1	29512429	29662429	2	13.1907285623893	Canada_Belgium2_100kb_00002520,Canada_Belgium2_100kb_00002519	1%	FDM1pct_Canada_Belgium2_1_R0169
0.01	Canada_Belgium2	Mystik Canada	Mystik Canada	1	30162429	30412429	3	14.226526863582	Canada_Belgium2_100kb_00002507,Canada_Belgium2_100kb_00002506,Canada_Belgium2_100kb_00002504	1%	FDM1pct_Canada_Belgium2_1_R0170
0.01	Canada_Belgium2	Mystik Canada	Mystik Canada	1	32862429	32962429	1	9.32652358628938	Canada_Belgium2_100kb_00002453	1%	FDM1pct_Canada_Belgium2_1_R0171
0.01	Canada_Belgium2	Mystik Canada	Mystik Canada	5	6682	106682	1	6.91948748181027	Canada_Belgium2_100kb_00001179	1%	FDM1pct_Canada_Belgium2_5_R0172
0.01	Canada_Belgium2	Mystik Canada	Mystik Canada	8	10028929	10178929	2	20.8422227573534	Canada_Belgium2_100kb_00004485,Canada_Belgium2_100kb_00004486	1%	FDM1pct_Canada_Belgium2_8_R0173
0.01	Canada_Belgium2	Mystik Canada	Mystik Canada	8	10278929	10378929	1	7.26564824341079	Canada_Belgium2_100kb_00004490	1%	FDM1pct_Canada_Belgium2_8_R0174
0.01	Canada_Belgium2	Mystik Canada	Mystik Canada	4	10702016	10852016	2	43.8991581016907	Canada_Belgium2_100kb_00005230,Canada_Belgium2_100kb_00005229	1%	FDM1pct_Canada_Belgium2_4_R0175
0.01	France_Netherlands_vs_Belgium2	Ynsect7 France	Dole7	2	14031045	14131045	1	43.4408767265066	France_Netherlands_vs_Belgium2_100kb_00017843	1%	FDM1pct_France_Netherlands_vs_Belgium2_2_R0176
0.01	France_Netherlands_vs_Belgium2	Ynsect7 France	Dole7	1	11170238	11270238	1	4.61477920952322	France_Netherlands_vs_Belgium2_100kb_00018517	1%	FDM1pct_France_Netherlands_vs_Belgium2_1_R0177
0.01	France_Netherlands_vs_Belgium2	Ynsect7 France	Dole7	1	23270238	23420238	2	9.54041869802747	France_Netherlands_vs_Belgium2_100kb_00018275,France_Netherlands_vs_Belgium2_100kb_00018274	1%	FDM1pct_France_Netherlands_vs_Belgium2_1_R0178
0.01	France_Netherlands_vs_Belgium2	Ynsect7 France	Dole7	1	24620238	24720238	1	8.17994876915759	France_Netherlands_vs_Belgium2_100kb_00018248	1%	FDM1pct_France_Netherlands_vs_Belgium2_1_R0179
0.01	France_Netherlands_vs_Belgium2	Ynsect7 France	Dole7	1	29162429	29312429	2	16.1934781458524	France_Netherlands_vs_Belgium2_100kb_00020091,France_Netherlands_vs_Belgium2_100kb_00020090	1%	FDM1pct_France_Netherlands_vs_Belgium2_1_R0180
0.01	France_Netherlands_vs_Belgium2	Ynsect7 France	Dole7	1	29812429	29912429	1	7.59882301766024	France_Netherlands_vs_Belgium2_100kb_00020078	1%	FDM1pct_France_Netherlands_vs_Belgium2_1_R0181
0.01	France_Netherlands_vs_Belgium2	Ynsect7 France	Dole7	1	30212429	30312429	1	16.4345985111489	France_Netherlands_vs_Belgium2_100kb_00020070	1%	FDM1pct_France_Netherlands_vs_Belgium2_1_R0182
0.01	France_Netherlands_vs_Belgium2	Ynsect7 France	Dole7	5	19556682	19656682	1	15.1389852263073	France_Netherlands_vs_Belgium2_100kb_00019134	1%	FDM1pct_France_Netherlands_vs_Belgium2_5_R0183
0.01	France_Netherlands_vs_Belgium2	Ynsect7 France	Dole7	5	21056682	21156682	1	4.2082313346792	France_Netherlands_vs_Belgium2_100kb_00019164	1%	FDM1pct_France_Netherlands_vs_Belgium2_5_R0184
0.01	France_Netherlands_vs_Belgium2	Ynsect7 France	Dole7	7	21348655	21448655	1	4.09681709070681	France_Netherlands_vs_Belgium2_100kb_00020584	1%	FDM1pct_France_Netherlands_vs_Belgium2_7_R0185
0.01	France_Netherlands_vs_Belgium2	Ynsect7 France	Dole7	9	1122961	1222961	1	4.20849602321938	France_Netherlands_vs_Belgium2_100kb_00021272	1%	FDM1pct_France_Netherlands_vs_Belgium2_9_R0186
0.01	France_Netherlands_vs_Belgium2	Ynsect7 France	Dole7	10	10836996	10936996	1	5.39019137089387	France_Netherlands_vs_Belgium2_100kb_00021513	1%	FDM1pct_France_Netherlands_vs_Belgium2_10_R0187
0.01	France_Netherlands_vs_Belgium2	Ynsect7 France	Dole7	8	10378929	10478929	1	7.51462437119417	France_Netherlands_vs_Belgium2_100kb_00022056	1%	FDM1pct_France_Netherlands_vs_Belgium2_8_R0188
0.01	France_Netherlands_vs_Belgium2	Ynsect7 France	Dole7	8	11234664	11384664	2	9.30653577980558	France_Netherlands_vs_Belgium2_100kb_00022269,France_Netherlands_vs_Belgium2_100kb_00022270	1%	FDM1pct_France_Netherlands_vs_Belgium2_8_R0189
0.01	France_Netherlands_vs_Belgium2	Ynsect7 France	Dole7	8	11434664	11534664	1	3.93617042098558	France_Netherlands_vs_Belgium2_100kb_00022273	1%	FDM1pct_France_Netherlands_vs_Belgium2_8_R0190
0.01	France_Netherlands_vs_Belgium2	Ynsect7 France	Dole7	4	3928305	4028305	1	6.58128225555643	France_Netherlands_vs_Belgium2_100kb_00022147	1%	FDM1pct_France_Netherlands_vs_Belgium2_4_R0191
0.01	France_Netherlands_vs_Czechia	Ynsect7 France	Dole7	2	30381045	30481045	1	134.408945535607	France_Netherlands_vs_Czechia_100kb_00009388	1%	FDM1pct_France_Netherlands_vs_Czechia_2_R0192
0.01	France_Netherlands_vs_Czechia	Ynsect7 France	Dole7	1	19220238	19320238	1	103.742518858055	France_Netherlands_vs_Czechia_100kb_00009574	1%	FDM1pct_France_Netherlands_vs_Czechia_1_R0193
0.01	France_Netherlands_vs_Czechia	Ynsect7 France	Dole7	1	19620238	19720238	1	7.61190202179814	France_Netherlands_vs_Czechia_100kb_00009566	1%	FDM1pct_France_Netherlands_vs_Czechia_1_R0194
0.01	France_Netherlands_vs_Czechia	Ynsect7 France	Dole7	1	24670238	24770238	1	174.832422251373	France_Netherlands_vs_Czechia_100kb_00009465	1%	FDM1pct_France_Netherlands_vs_Czechia_1_R0195
0.01	France_Netherlands_vs_Czechia	Ynsect7 France	Dole7	1	26762429	26862429	1	18.1916907328544	France_Netherlands_vs_Czechia_100kb_00011357	1%	FDM1pct_France_Netherlands_vs_Czechia_1_R0196
0.01	France_Netherlands_vs_Czechia	Ynsect7 France	Dole7	1	27462429	27612429	2	9.75047585144906	France_Netherlands_vs_Czechia_100kb_00011343,France_Netherlands_vs_Czechia_100kb_00011342	1%	FDM1pct_France_Netherlands_vs_Czechia_1_R0197
0.01	France_Netherlands_vs_Czechia	Ynsect7 France	Dole7	1	29112429	29212429	1	26.1135977444069	France_Netherlands_vs_Czechia_100kb_00011310	1%	FDM1pct_France_Netherlands_vs_Czechia_1_R0198
0.01	France_Netherlands_vs_Czechia	Ynsect7 France	Dole7	1	30712429	30812429	1	23.0821557920882	France_Netherlands_vs_Czechia_100kb_00011278	1%	FDM1pct_France_Netherlands_vs_Czechia_1_R0199
0.01	France_Netherlands_vs_Czechia	Ynsect7 France	Dole7	5	656682	756682	1	66.8822642294601	France_Netherlands_vs_Czechia_100kb_00009974	1%	FDM1pct_France_Netherlands_vs_Czechia_5_R0200
0.01	France_Netherlands_vs_Czechia	Ynsect7 France	Dole7	6	13898791	13998791	1	6.4167433930537	France_Netherlands_vs_Czechia_100kb_00010752	1%	FDM1pct_France_Netherlands_vs_Czechia_6_R0201
0.01	France_Netherlands_vs_Czechia	Ynsect7 France	Dole7	6	19548791	19648791	1	39.7496010494327	France_Netherlands_vs_Czechia_100kb_00010865	1%	FDM1pct_France_Netherlands_vs_Czechia_6_R0202
0.01	France_Netherlands_vs_Czechia	Ynsect7 France	Dole7	7	20448655	20548655	1	8.65950121904378	France_Netherlands_vs_Czechia_100kb_00011784	1%	FDM1pct_France_Netherlands_vs_Czechia_7_R0203
0.01	France_Netherlands_vs_Czechia	Ynsect7 France	Dole7	9	1072961	1172961	1	5.49770506181177	France_Netherlands_vs_Czechia_100kb_00012491	1%	FDM1pct_France_Netherlands_vs_Czechia_9_R0204
0.01	France_Netherlands_vs_Czechia	Ynsect7 France	Dole7	10	10836996	10936996	1	6.96567586388183	France_Netherlands_vs_Czechia_100kb_00012731	1%	FDM1pct_France_Netherlands_vs_Czechia_10_R0205
0.01	France_Netherlands_vs_Czechia	Ynsect7 France	Dole7	3	28285837	28385837	1	7.27893261002745	France_Netherlands_vs_Czechia_100kb_00012882	1%	FDM1pct_France_Netherlands_vs_Czechia_3_R0206
0.01	France_Netherlands_vs_Czechia	Ynsect7 France	Dole7	8	10678929	10778929	1	7.50673509687318	France_Netherlands_vs_Czechia_100kb_00013280	1%	FDM1pct_France_Netherlands_vs_Czechia_8_R0207
0.01	France_Netherlands_vs_Czechia	Ynsect7 France	Dole7	8	11434664	11584664	2	10.5389963290333	France_Netherlands_vs_Czechia_100kb_00013491,France_Netherlands_vs_Czechia_100kb_00013492	1%	FDM1pct_France_Netherlands_vs_Czechia_8_R0208
0.001	Canada_Belgium2	Mystik Canada	Mystik Canada	4	10752016	10852016	1	43.8991581016907	Canada_Belgium2_100kb_00005229	0.1%	FDM0.1pct_Canada_Belgium2_4_R0209
0.001	France_Netherlands_vs_Belgium2	Ynsect7 France	Dole7	2	14031045	14131045	1	43.4408767265066	France_Netherlands_vs_Belgium2_100kb_00017843	0.1%	FDM0.1pct_France_Netherlands_vs_Belgium2_2_R0210
0.001	France_Netherlands_vs_Czechia	Ynsect7 France	Dole7	2	30381045	30481045	1	134.408945535607	France_Netherlands_vs_Czechia_100kb_00009388	0.1%	FDM0.1pct_France_Netherlands_vs_Czechia_2_R0211
0.001	France_Netherlands_vs_Czechia	Ynsect7 France	Dole7	1	19220238	19320238	1	103.742518858055	France_Netherlands_vs_Czechia_100kb_00009574	0.1%	FDM0.1pct_France_Netherlands_vs_Czechia_1_R0212
0.001	France_Netherlands_vs_Czechia	Ynsect7 France	Dole7	1	24670238	24770238	1	174.832422251373	France_Netherlands_vs_Czechia_100kb_00009465	0.1%	FDM0.1pct_France_Netherlands_vs_Czechia_1_R0213
