annotation_mode	population	go_id	term	namespace	foreground_hits	foreground_size	background_hits	background_size	gene_ratio	background_ratio	fold_enrichment	odds_ratio_haldane	p_value	foreground_genes	fdr_bh
direct	Farmed-only D5% ∩ fdm5%	GO:0045296	cadherin binding	molecular_function	2	63	5	9935	0.031746031746031744	0.0005032712632108706	63.079365079365076	114.62833914053427	0.0003909286332123923	TMOL_6.1239.1;TMOL_6.1243.1	0.010555073096734592
direct	Farmed-only D5% ∩ fdm5%	GO:0004198	calcium-dependent cysteine-type endopeptidase activity	molecular_function	2	63	8	9935	0.031746031746031744	0.0008052340211373931	39.42460317460317	61.704190118824265	0.001081234380700835	TMOL_3.632.1;TMOL_3.639.1	0.014596664139461271
direct	Farmed-only D5% ∩ fdm5%	GO:0008483	transaminase activity	molecular_function	2	63	10	9935	0.031746031746031744	0.0010065425264217413	31.539682539682538	47.17599234815878	0.0017235391703779401	TMOL_6.1370.1;TMOL_6.1372.1	0.015511852533401461
direct	Farmed-only D5% ∩ fdm5%	GO:0016787	hydrolase activity	molecular_function	3	63	82	9935	0.047619047619047616	0.008253648716658278	5.769454123112659	7.126617807578357	0.015085125121928243	TMOL_4.1353.1;TMOL_5.1136.1;TMOL_6.1248.1	0.10182459457301564
direct	Farmed-only D5% ∩ fdm5%	GO:0005515	protein binding	molecular_function	17	63	1601	9935	0.2698412698412698	0.1611474584801208	1.6744990730000098	1.9686512824166913	0.019117231808540525	TMOL_12.117.1;TMOL_12.119.1;TMOL_18.115.1;TMOL_2.1398.1;TMOL_2.1403.1;TMOL_3.785.1;TMOL_5.1248.1;TMOL_5.1341.1;TMOL_5.1356.1;TMOL_5.1401.1;TMOL_6.1238.1;TMOL_6.1239.1;TMOL_6.1243.1;TMOL_6.1245.1;TMOL_6.1363.1;TMOL_6.1373.1;TMOL_8.809.1	0.10285855104605053
direct	Farmed-only D5% ∩ fdm5%	GO:0007155	cell adhesion	biological_process	2	63	37	9935	0.031746031746031744	0.003724207347760443	8.524238524238523	11.264742929119432	0.02285745578801123	TMOL_6.1239.1;TMOL_6.1243.1	0.10285855104605053
direct	Farmed-only D5% ∩ fdm5%	GO:0030170	pyridoxal phosphate binding	molecular_function	2	63	42	9935	0.031746031746031744	0.004227478610971313	7.509448223733938	9.869015356820235	0.02895987502911516	TMOL_6.1370.1;TMOL_6.1372.1	0.11170237511230133
direct	Farmed-only D5% ∩ fdm5%	GO:0005216	monoatomic ion channel activity	molecular_function	2	63	86	9935	0.031746031746031744	0.008656265727226975	3.667404946474714	4.708952710828884	0.10315585291265932	TMOL_3.48.1;TMOL_3.785.1	0.3481510035802252
direct	Farmed-only D5% ∩ fdm5%	GO:0006811	monoatomic ion transport	biological_process	2	63	98	9935	0.031746031746031744	0.009864116758933065	3.2183349530288305	4.118328488984372	0.12796288121282018	TMOL_3.48.1;TMOL_3.785.1	0.3549763964094476
direct	Farmed-only D5% ∩ fdm5%	GO:0046983	protein dimerization activity	molecular_function	2	63	107	9935	0.031746031746031744	0.010770005032712632	2.9476338822133212	3.7635340808384385	0.14739783725656572	TMOL_3.34.1;TMOL_5.1005.1	0.3549763964094476
direct	Farmed-only D5% ∩ fdm5%	GO:0006629	lipid metabolic process	biological_process	2	63	107	9935	0.031746031746031744	0.010770005032712632	2.9476338822133212	3.7635340808384385	0.14739783725656572	TMOL_4.1353.1;TMOL_6.1048.1	0.3549763964094476
direct	Farmed-only D5% ∩ fdm5%	GO:0004672	protein kinase activity	molecular_function	3	63	225	9935	0.047619047619047616	0.02264720684448918	2.1026455026455024	2.509183768223605	0.1709145612341785	TMOL_18.115.1;TMOL_4.1908.1;TMOL_5.985.1	0.3549763964094476
direct	Farmed-only D5% ∩ fdm5%	GO:0006468	protein phosphorylation	biological_process	3	63	225	9935	0.047619047619047616	0.02264720684448918	2.1026455026455024	2.509183768223605	0.1709145612341785	TMOL_18.115.1;TMOL_4.1908.1;TMOL_5.985.1	0.3549763964094476
direct	Farmed-only D5% ∩ fdm5%	GO:0003824	catalytic activity	molecular_function	3	63	238	9935	0.047619047619047616	0.023955712128837445	1.9877951180472186	2.3674790756435224	0.1915289372914632	TMOL_3.588.1;TMOL_6.1370.1;TMOL_6.1372.1	0.3629799979854898
direct	Farmed-only D5% ∩ fdm5%	GO:0003924	GTPase activity	molecular_function	2	63	131	9935	0.031746031746031744	0.013185707096124811	2.4076093541742396	3.0585114731456193	0.20165555443638322	TMOL_2.1405.1;TMOL_3.43.1	0.3629799979854898
direct	Farmed-only D5% ∩ fdm5%	GO:0005525	GTP binding	molecular_function	2	63	157	9935	0.031746031746031744	0.015802717664821338	2.0088969770498433	2.5403236347476015	0.2625659077877089	TMOL_2.1405.1;TMOL_3.43.1	0.44307996939175875
direct	Farmed-only D5% ∩ fdm5%	GO:0005509	calcium ion binding	molecular_function	2	63	181	9935	0.031746031746031744	0.018218419728233518	1.7425238972200296	2.195235183549607	0.3190541177023677	TMOL_3.632.1;TMOL_3.639.1	0.5067330104684664
direct	Farmed-only D5% ∩ fdm5%	GO:0006508	proteolysis	biological_process	4	63	508	9935	0.06349206349206349	0.05113236034222446	1.2417197850268715	1.4044440372779439	0.4036108743155812	TMOL_3.632.1;TMOL_3.639.1;TMOL_6.1245.1;TMOL_8.809.1	0.5781339625958349
direct	Farmed-only D5% ∩ fdm5%	GO:0004497	monooxygenase activity	molecular_function	2	63	221	9935	0.031746031746031744	0.022244589833920483	1.427134956546721	1.78778450654666	0.4106298039319996	TMOL_15.69.1;TMOL_5.1405.1	0.5781339625958349
direct	Farmed-only D5% ∩ fdm5%	GO:0005506	iron ion binding	molecular_function	2	63	239	9935	0.031746031746031744	0.024056366381479618	1.319651989108056	1.6492083868207104	0.44998186410405155	TMOL_15.69.1;TMOL_5.1405.1	0.5781339625958349
direct	Farmed-only D5% ∩ fdm5%	GO:0020037	heme binding	molecular_function	2	63	246	9935	0.031746031746031744	0.024760946149974837	1.2821009162472576	1.6008279714698987	0.46489797952616924	TMOL_15.69.1;TMOL_4.1937.1	0.5781339625958349
direct	Farmed-only D5% ∩ fdm5%	GO:0003677	DNA binding	molecular_function	4	63	555	9935	0.06349206349206349	0.05586311021640664	1.1365651365651366	1.278308966378936	0.47107211767068036	TMOL_18.116.1;TMOL_3.588.1;TMOL_4.1852.1;TMOL_6.1365.1	0.5781339625958349
direct	Farmed-only D5% ∩ fdm5%	GO:0004252	serine-type endopeptidase activity	molecular_function	2	63	284	9935	0.031746031746031744	0.028585807750377452	1.110552202101498	1.3800273400964098	0.5416299920690539	TMOL_6.1245.1;TMOL_8.809.1	0.6358265124288893
direct	Farmed-only D5% ∩ fdm5%	GO:0003676	nucleic acid binding	molecular_function	4	63	673	9935	0.06349206349206349	0.06774031202818319	0.9372862567513385	1.0396759151756296	0.6258085942694771	TMOL_3.380.1;TMOL_3.637.1;TMOL_4.1851.1;TMOL_9.744.1	0.7040346685531618
direct	Farmed-only D5% ∩ fdm5%	GO:0055085	transmembrane transport	biological_process	3	63	552	9935	0.047619047619047616	0.05556114745848012	0.8570565907522429	0.9815760383218403	0.6880122954787421	TMOL_3.154.1;TMOL_3.785.1;TMOL_4.1348.1	0.7430532791170414
direct	Farmed-only D5% ∩ fdm5%	GO:0005524	ATP binding	molecular_function	4	63	787	9935	0.06349206349206349	0.07921489682939103	0.8015167100300519	0.8773978002177258	0.7460612478563894	TMOL_18.115.1;TMOL_4.1908.1;TMOL_5.985.1;TMOL_6.1248.1	0.7747559112354813
direct	Farmed-only D5% ∩ fdm5%	GO:0016020	membrane	cellular_component	9	63	1710	9935	0.14285714285714285	0.17211877201811776	0.8299916457811194	0.8371377656520016	0.7794625804016292	TMOL_3.154.1;TMOL_3.48.1;TMOL_3.785.1;TMOL_4.1348.1;TMOL_4.1350.1;TMOL_4.2026.1;TMOL_5.1016.1;TMOL_6.1247.1;TMOL_8.809.1	0.7794625804016292
