analysis_type	Trait	n_total_QTLs	n_callable_QTLs	median_callable_fraction	mean_callable_fraction	min_candidate_pool_size	median_candidate_pool_size	callable_mask_bp
D	EHR	35	27	1.0	0.9865938819128546	677	36008.0	225140000
D	TELC	3	2	1.0	1.0	44344	44487.5	225140000
D	DELR2	4	2	1.0	1.0	1318	25636.0	225140000
D	DELR4	6	5	1.0	1.0	22464	30330.0	225140000
D	DELR5	8	7	1.0	1.0	9493	30357.0	225140000
D	IMM21	15	14	1.0	1.0	102	30357.0	225140000
D	IMM35	29	29	1.0	0.9965517586203447	102	30357.0	225140000
D	IMM49	24	24	1.0	0.9958333749995832	102	33637.5	225140000
D	IMM56	18	18	1.0	1.0	102	37357.0	225140000
D	IMM63	5	5	1.0	1.0	102	9389.0	225140000
D	AW	45	44	1.0	0.9911820144887128	218	30357.0	225140000
D	PW	25	23	1.0	0.9846664286558114	388	29830.0	225140000
D	DTEP categorical	88	82	1.0	0.9922903949857	102	30357.0	225140000
D	ALL	305	282	1.0	0.9931389563724876	102	30357.0	225140000
pi	EHR	35	27	1.0	0.9841274408639417	512	35098.0	221940000
pi	TELC	3	2	1.0	1.0	42694	43028.5	221940000
pi	DELR2	4	2	1.0	1.0	1238	24770.5	221940000
pi	DELR4	6	5	1.0	1.0	21815	29477.0	221940000
pi	DELR5	8	7	1.0	1.0	8932	29505.0	221940000
pi	IMM21	15	14	1.0	0.9928572142850001	102	29505.0	221940000
pi	IMM35	29	29	1.0	0.9896552758610345	102	29505.0	221940000
pi	IMM49	24	24	1.0	0.9916667499991667	102	29505.0	221940000
pi	IMM56	18	18	1.0	0.9944444999994444	102	33211.0	221940000
pi	IMM63	5	5	1.0	0.9831247837862923	102	775.0	221940000
pi	AW	45	44	1.0	0.9791033783936761	245	29505.0	221940000
pi	PW	25	23	1.0	0.9526703015990204	200	28423.0	221940000
pi	DTEP categorical	88	82	1.0	0.9842881253937166	102	29505.0	221940000
pi	ALL	305	282	1.0	0.9840094457112477	102	29505.0	221940000
fDM	EHR	35	35	1.0	1.0	15297	39013.0	261183057
fDM	TELC	3	3	1.0	1.0	11379	45339.0	261183057
fDM	DELR2	4	4	1.0	1.0	11380	11409.0	261183057
fDM	DELR4	6	6	1.0	1.0	11414	32297.5	261183057
fDM	DELR5	8	8	1.0	1.0	11198	32394.0	261183057
fDM	IMM21	15	15	1.0	1.0	102	32202.0	261183057
fDM	IMM35	29	29	1.0	1.0	102	32394.0	261183057
fDM	IMM49	24	24	1.0	1.0	102	35931.5	261183057
fDM	IMM56	18	18	1.0	1.0	102	39491.0	261183057
fDM	IMM63	5	5	1.0	1.0	102	15678.0	261183057
fDM	AW	45	45	1.0	1.0	15719	39206.0	261183057
fDM	PW	25	25	1.0	1.0	11414	32202.0	261183057
fDM	DTEP categorical	88	88	1.0	1.0	102	32202.0	261183057
fDM	ALL	305	305	1.0	1.0	102	32324.0	261183057
D_pi	EHR	35	27	1.0	0.9822759778970899	204	35002.0	221235131
D_pi	TELC	3	2	1.0	1.0	42653	42989.5	221235131
D_pi	DELR2	4	2	1.0	1.0	1229	24717.0	221235131
D_pi	DELR4	6	5	1.0	1.0	21770	29361.0	221235131
D_pi	DELR5	8	7	1.0	1.0	8891	29389.0	221235131
D_pi	IMM21	15	14	1.0	0.9928572142850001	102	29389.0	221235131
D_pi	IMM35	29	29	1.0	0.9879314999953448	102	29389.0	221235131
D_pi	IMM49	24	24	1.0	0.9895838541614584	102	29389.0	221235131
D_pi	IMM56	18	18	1.0	0.9944444999994444	102	33097.0	221235131
D_pi	IMM63	5	5	1.0	0.9831247837862923	102	657.0	221235131
D_pi	AW	45	44	1.0	0.9787040348540622	405	29389.0	221235131
D_pi	PW	25	23	1.0	0.9504968450727161	200	28289.0	221235131
D_pi	DTEP categorical	88	82	1.0	0.981140356931165	102	29389.0	221235131
D_pi	ALL	305	282	1.0	0.9823227573066654	102	29389.0	221235131
D_fDM	EHR	35	27	1.0	0.9865938819128546	729	36003.0	219506328
D_fDM	TELC	3	2	1.0	1.0	44275	44424.0	219506328
D_fDM	DELR2	4	2	1.0	1.0	1315	25634.5	219506328
D_fDM	DELR4	6	5	1.0	1.0	22459	30330.0	219506328
D_fDM	DELR5	8	7	1.0	1.0	9493	30357.0	219506328
D_fDM	IMM21	15	14	1.0	1.0	102	30357.0	219506328
D_fDM	IMM35	29	29	1.0	0.9965517586203447	102	30357.0	219506328
D_fDM	IMM49	24	24	1.0	0.9958333749995832	102	33636.5	219506328
D_fDM	IMM56	18	18	1.0	1.0	102	37355.0	219506328
D_fDM	IMM63	5	5	1.0	1.0	102	9370.0	219506328
D_fDM	AW	45	44	1.0	0.9911820144887128	218	30357.0	219506328
D_fDM	PW	25	23	1.0	0.9846664286558114	388	29808.0	219506328
D_fDM	DTEP categorical	88	82	1.0	0.9922903949857	102	30357.0	219506328
D_fDM	ALL	305	282	1.0	0.9931389563724876	102	30357.0	219506328
pi_fDM	EHR	35	27	1.0	0.9841274408639417	536	35091.0	217019969
pi_fDM	TELC	3	2	1.0	1.0	42614	42955.5	217019969
pi_fDM	DELR2	4	2	1.0	1.0	1238	24770.5	217019969
pi_fDM	DELR4	6	5	1.0	1.0	21814	29477.0	217019969
pi_fDM	DELR5	8	7	1.0	1.0	8932	29505.0	217019969
pi_fDM	IMM21	15	14	1.0	0.9928572142850001	102	29505.0	217019969
pi_fDM	IMM35	29	29	1.0	0.9896552758610345	102	29505.0	217019969
pi_fDM	IMM49	24	24	1.0	0.9916667499991667	102	29505.0	217019969
pi_fDM	IMM56	18	18	1.0	0.9944444999994444	102	33210.0	217019969
pi_fDM	IMM63	5	5	1.0	0.9831247837862923	102	775.0	217019969
pi_fDM	AW	45	44	1.0	0.9791033783936761	244	29505.0	217019969
pi_fDM	PW	25	23	1.0	0.9526703015990204	200	28416.0	217019969
pi_fDM	DTEP categorical	88	82	1.0	0.9842881253937166	102	29505.0	217019969
pi_fDM	ALL	305	282	1.0	0.9840094457112477	102	29505.0	217019969
D_pi_fDM	EHR	35	27	1.0	0.9822759778970899	215	34997.0	216380916
D_pi_fDM	TELC	3	2	1.0	1.0	42584	42926.0	216380916
D_pi_fDM	DELR2	4	2	1.0	1.0	1229	24717.0	216380916
D_pi_fDM	DELR4	6	5	1.0	1.0	21769	29361.0	216380916
D_pi_fDM	DELR5	8	7	1.0	1.0	8891	29389.0	216380916
D_pi_fDM	IMM21	15	14	1.0	0.9928572142850001	102	29389.0	216380916
D_pi_fDM	IMM35	29	29	1.0	0.9879314999953448	102	29389.0	216380916
D_pi_fDM	IMM49	24	24	1.0	0.9895838541614584	102	29389.0	216380916
D_pi_fDM	IMM56	18	18	1.0	0.9944444999994444	102	33096.0	216380916
D_pi_fDM	IMM63	5	5	1.0	0.9831247837862923	102	657.0	216380916
D_pi_fDM	AW	45	44	1.0	0.9787040348540622	404	29389.0	216380916
D_pi_fDM	PW	25	23	1.0	0.9504968450727161	200	28282.0	216380916
D_pi_fDM	DTEP categorical	88	82	1.0	0.981140356931165	102	29389.0	216380916
D_pi_fDM	ALL	305	282	1.0	0.9823227573066654	102	29389.0	216380916
