analysis_type	chromosome	start	end
D	1	7536	1247535
D	1	1287536	2527535
D	1	2537536	2787535
D	1	2797536	4057535
D	1	4097536	4287535
D	1	4297536	12237535
D	1	12247536	14707535
D	1	14717536	15057535
D	1	15097536	15107535
D	1	15127536	15147535
D	1	15157536	20147535
D	1	20157536	20467535
D	1	20497536	20507535
D	1	20577536	20597535
D	1	20677536	24087535
D	1	24097536	24987535
D	1	24997536	25647535
D	1	25657536	25917535
D	1	25928102	33968101
D	1	33978102	34438101
D	1	34448102	37898101
D	1	37928102	43298101
D	1	43308102	44338101
D	1	44388102	45648101
D	1	45688102	45908101
D	1	45948102	46868101
D	1	46968102	47508101
D	1	47518102	47618101
D	1	47628102	47648101
D	1	47658102	48348101
D	10	5000	294999
D	10	305000	384999
D	10	395000	1294999
D	10	1335000	1784999
D	10	1795000	2504999
D	10	2515000	3084999
D	10	3125000	6054999
D	10	6065000	6074999
D	10	6095000	10624999
D	10	10635000	12194999
D	10	12205000	15114999
D	10	15125000	15794999
D	2	35000	44999
D	2	55000	5724999
D	2	5855000	6204999
D	2	6215000	20884999
D	2	20895000	21124999
D	2	21135000	22604999
D	2	22615000	24904999
D	2	24915000	27394999
D	2	27405000	30574999
D	2	30585000	31664999
D	2	31685000	33034999
D	3	15000	434999
D	3	475000	1454999
D	3	1475000	1794999
D	3	1845000	2894999
D	3	2995000	3424999
D	3	3435000	6534999
D	3	6555000	8574999
D	3	8585000	8654999
D	3	8665000	14684999
D	3	14695000	15374999
D	3	15385000	15684999
D	3	15695000	16024999
D	3	16035000	16084999
D	3	16095000	17044999
D	3	17055000	17994999
D	3	18005000	18074999
D	3	18088622	21408621
D	3	21418622	21448621
D	3	21458622	21508621
D	3	21518622	21528621
D	3	21538622	21548621
D	3	21558622	22688621
D	3	22698622	25168621
D	3	25178622	25318621
D	3	25328622	26458621
D	3	26468622	28008621
D	3	28018622	28078621
D	3	28088622	28248621
D	3	28258622	29208621
D	3	29238622	29878621
D	3	29888622	31068621
D	4	25000	54999
D	4	65000	174999
D	4	185000	1534999
D	4	1575000	1964999
D	4	1975000	2224999
D	4	2265000	2824999
D	5	5000	3444999
D	5	3455000	3864999
D	5	3875000	6074999
D	5	6085000	6714999
D	5	6725000	6794999
D	5	6805000	11854999
D	5	11865000	16634999
D	5	16645000	18534999
D	5	18545000	18784999
D	5	18805000	20034999
D	5	20055000	20074999
D	5	20115000	20144999
D	5	20165000	21244999
D	5	21265000	21294999
D	5	21315000	22634999
D	5	22645000	23134999
D	5	23145000	23884999
D	5	23915000	25734999
D	6	5000	34999
D	6	45000	54999
D	6	75000	84999
D	6	95000	104999
D	6	115000	134999
D	6	155000	164999
D	6	195000	204999
D	6	235000	934999
D	6	985000	1694999
D	6	1705000	2214999
D	6	2225000	2524999
D	6	2535000	3794999
D	6	3835000	6154999
D	6	6175000	9614999
D	6	9625000	9644999
D	6	9655000	19514999
D	6	19535000	19834999
D	6	19845000	20864999
D	6	20875000	21164999
D	6	21175000	22634999
D	7	35000	44999
D	7	55000	334999
D	7	345000	784999
D	7	795000	804999
D	7	835000	1234999
D	7	1255000	1854999
D	7	1865000	2144999
D	7	2155000	2704999
D	7	2755000	3484999
D	7	3495000	4734999
D	7	4765000	5604999
D	7	5625000	6614999
D	7	6635000	16314999
D	7	16325000	18824999
D	7	18835000	19754999
D	7	19765000	19814999
D	7	19825000	20514999
D	7	20525000	21884999
D	8	1083615	1483614
D	8	1493615	1523614
D	8	1533615	1763614
D	8	1773615	3333614
D	8	3343615	3413614
D	8	3423615	6483614
D	8	6503615	7283614
D	8	7293615	8223614
D	8	8233615	8243614
D	8	8253615	8313614
D	8	8323615	8333614
D	8	8353615	8403614
D	8	8413615	8473614
D	8	8483615	8523614
D	8	8533615	8543614
D	8	8573615	8613614
D	8	8623615	9923614
D	8	9933615	11073614
D	9	8786	68785
D	9	78786	1048785
D	9	1068786	3768785
D	9	3778786	3948785
D	9	3958786	3968785
D	9	3978786	4738785
D	9	4748786	7048785
D	9	7058786	7128785
D	9	7138786	11018785
D	9	11028786	11058785
D	9	11068786	14158785
D	9	14168786	16808785
D	9	16818786	16968785
pi	1	2535	1252534
pi	1	1292535	2192534
pi	1	2202535	2522534
pi	1	2552535	2792534
pi	1	2802535	4062534
pi	1	4102535	4292534
pi	1	4302535	7132534
pi	1	7142535	9642534
pi	1	9672535	10162534
pi	1	10182535	12242534
pi	1	12252535	14712534
pi	1	14722535	15002534
pi	1	15012535	15062534
pi	1	15132535	15142534
pi	1	15162535	15172534
pi	1	15182535	18912534
pi	1	18922535	20152534
pi	1	20162535	20172534
pi	1	20182535	20272534
pi	1	20282535	20472534
pi	1	20592535	20602534
pi	1	20682535	20702534
pi	1	20712535	20742534
pi	1	20782535	20802534
pi	1	20812535	20872534
pi	1	20892535	21472534
pi	1	21482535	21672534
pi	1	21682535	21842534
pi	1	21862535	24092534
pi	1	24102535	24992534
pi	1	25002535	25652534
pi	1	25662535	25922534
pi	1	25933101	27173100
pi	1	27193101	27243100
pi	1	27253101	27283100
pi	1	27293101	32723100
pi	1	32733101	33973100
pi	1	33983101	34443100
pi	1	34453101	34533100
pi	1	34543101	34633100
pi	1	34643101	35133100
pi	1	35143101	35923100
pi	1	35933101	36663100
pi	1	36673101	37893100
pi	1	37943101	43303100
pi	1	43313101	44343100
pi	1	44393101	45653100
pi	1	45693101	45913100
pi	1	45953101	46873100
pi	1	46973101	47503100
pi	1	47533101	47623100
pi	1	47633101	47653100
pi	1	47663101	48353100
pi	10	40001	290000
pi	10	300001	380000
pi	10	390001	690000
pi	10	710001	1290000
pi	10	1330001	1780000
pi	10	1820001	2500000
pi	10	2510001	3080000
pi	10	3120001	6050000
pi	10	6090001	10620000
pi	10	10630001	12190000
pi	10	12200001	13420000
pi	10	13430001	15090000
pi	10	15100001	15110000
pi	10	15140001	15170000
pi	10	15180001	15370000
pi	10	15380001	15540000
pi	10	15580001	15800000
pi	2	30001	40000
pi	2	50001	1210000
pi	2	1220001	5720000
pi	2	5850001	6200000
pi	2	6210001	10900000
pi	2	10910001	14980000
pi	2	14990001	16420000
pi	2	16430001	16600000
pi	2	16610001	20880000
pi	2	20890001	21080000
pi	2	21090001	21120000
pi	2	21140001	21150000
pi	2	21160001	21190000
pi	2	21200001	21210000
pi	2	21220001	22600000
pi	2	22610001	24860000
pi	2	24870001	24890000
pi	2	24960001	27390000
pi	2	27400001	27420000
pi	2	27430001	27650000
pi	2	27670001	30570000
pi	2	30580001	31230000
pi	2	31240001	31660000
pi	2	31680001	33040000
pi	3	10001	430000
pi	3	470001	1040000
pi	3	1060001	1450000
pi	3	1470001	1790000
pi	3	1840001	2890000
pi	3	3000001	3420000
pi	3	3430001	6490000
pi	3	6500001	6530000
pi	3	6550001	8570000
pi	3	8580001	8650000
pi	3	8660001	9550000
pi	3	9560001	10720000
pi	3	10730001	11270000
pi	3	11280001	11350000
pi	3	11470001	11490000
pi	3	11500001	11520000
pi	3	11550001	11560000
pi	3	11590001	11600000
pi	3	11610001	11640000
pi	3	11650001	11660000
pi	3	11690001	11720000
pi	3	11770001	11780000
pi	3	11810001	14680000
pi	3	14690001	15370000
pi	3	15380001	15680000
pi	3	15690001	15990000
pi	3	16050001	16080000
pi	3	16090001	16130000
pi	3	16140001	16200000
pi	3	16210001	16960000
pi	3	16970001	17040000
pi	3	17050001	17990000
pi	3	18010001	18030000
pi	3	18070001	18080000
pi	3	18133621	18193620
pi	3	18203621	18233620
pi	3	18243621	19513620
pi	3	19533621	19543620
pi	3	19553621	20733620
pi	3	20743621	20813620
pi	3	20823621	20853620
pi	3	20893621	20933620
pi	3	20963621	20973620
pi	3	20993621	21013620
pi	3	21023621	21113620
pi	3	21143621	21193620
pi	3	21223621	21323620
pi	3	21343621	21353620
pi	3	21363621	21383620
pi	3	21403621	21413620
pi	3	21423621	21433620
pi	3	21443621	21453620
pi	3	21463621	21473620
pi	3	21483621	21503620
pi	3	21543621	21553620
pi	3	21563621	21683620
pi	3	21693621	21763620
pi	3	21783621	21853620
pi	3	21863621	21903620
pi	3	21913621	21963620
pi	3	21993621	22193620
pi	3	22203621	22693620
pi	3	22703621	25023620
pi	3	25033621	25173620
pi	3	25183621	25323620
pi	3	25333621	26463620
pi	3	26473621	27373620
pi	3	27383621	27393620
pi	3	27403621	28013620
pi	3	28023621	28083620
pi	3	28093621	28253620
pi	3	28263621	29203620
pi	3	29243621	29603620
pi	3	29613621	29883620
pi	3	29893621	31073620
pi	4	40001	50000
pi	4	70001	170000
pi	4	180001	820000
pi	4	830001	860000
pi	4	930001	970000
pi	4	980001	1530000
pi	4	1570001	1960000
pi	4	1970001	2220000
pi	4	2260001	2820000
pi	5	1	2700000
pi	5	2710001	2720000
pi	5	2740001	3340000
pi	5	3350001	3440000
pi	5	3450001	3860000
pi	5	3870001	4520000
pi	5	4530001	4560000
pi	5	4570001	6070000
pi	5	6090001	6200000
pi	5	6230001	6710000
pi	5	6720001	6790000
pi	5	6820001	7840000
pi	5	7850001	9260000
pi	5	9280001	11850000
pi	5	11860001	16630000
pi	5	16640001	18530000
pi	5	18540001	18780000
pi	5	18800001	20030000
pi	5	20050001	20070000
pi	5	20130001	20140000
pi	5	20170001	21230000
pi	5	21260001	21290000
pi	5	21310001	22620000
pi	5	22650001	23130000
pi	5	23150001	23880000
pi	5	23910001	25730000
pi	6	10001	20000
pi	6	40001	50000
pi	6	70001	80000
pi	6	120001	130000
pi	6	190001	200000
pi	6	230001	930000
pi	6	980001	1690000
pi	6	1710001	2210000
pi	6	2230001	2380000
pi	6	2390001	2520000
pi	6	2530001	3790000
pi	6	3830001	6150000
pi	6	6170001	7220000
pi	6	7280001	7290000
pi	6	7380001	9610000
pi	6	9620001	9640000
pi	6	9650001	10920000
pi	6	10930001	16270000
pi	6	16280001	17980000
pi	6	17990001	18400000
pi	6	18420001	19280000
pi	6	19300001	19430000
pi	6	19440001	19490000
pi	6	19530001	19620000
pi	6	19630001	19640000
pi	6	19650001	19830000
pi	6	19840001	20860000
pi	6	20880001	20890000
pi	6	20900001	20970000
pi	6	20980001	21110000
pi	6	21140001	21150000
pi	6	21170001	21520000
pi	6	21540001	21880000
pi	6	21890001	22410000
pi	6	22420001	22630000
pi	7	30001	40000
pi	7	50001	330000
pi	7	340001	780000
pi	7	790001	800000
pi	7	830001	1230000
pi	7	1260001	1850000
pi	7	1860001	2140000
pi	7	2150001	2700000
pi	7	2760001	3480000
pi	7	3500001	3640000
pi	7	3650001	3760000
pi	7	3770001	4730000
pi	7	4760001	5600000
pi	7	5620001	6610000
pi	7	6630001	7630000
pi	7	7640001	16310000
pi	7	16330001	18820000
pi	7	18830001	19130000
pi	7	19140001	19150000
pi	7	19160001	19190000
pi	7	19200001	19490000
pi	7	19500001	19750000
pi	7	19760001	19810000
pi	7	19820001	20510000
pi	7	20520001	21880000
pi	8	1078616	1478615
pi	8	1488616	1498615
pi	8	1508616	1518615
pi	8	1528616	1758615
pi	8	1768616	2318615
pi	8	2328616	3328615
pi	8	3338616	3408615
pi	8	3418616	5078615
pi	8	5108616	5118615
pi	8	5148616	5178615
pi	8	5218616	5278615
pi	8	5298616	6448615
pi	8	6458616	6478615
pi	8	6498616	6528615
pi	8	6538616	7268615
pi	8	7288616	7418615
pi	8	7428616	7778615
pi	8	7788616	8168615
pi	8	8178616	8208615
pi	8	8228616	8238615
pi	8	8248616	8308615
pi	8	8348616	8378615
pi	8	8408616	8468615
pi	8	8528616	8538615
pi	8	8568616	8608615
pi	8	8618616	9608615
pi	8	9618616	9918615
pi	8	9928616	10208615
pi	8	10218616	11068615
pi	9	3785	73784
pi	9	83785	1053784
pi	9	1083785	1323784
pi	9	1333785	1343784
pi	9	1363785	2533784
pi	9	2543785	2823784
pi	9	2833785	2843784
pi	9	2853785	3773784
pi	9	3783785	3953784
pi	9	3983785	4743784
pi	9	4753785	6003784
pi	9	6013785	7053784
pi	9	7063785	7133784
pi	9	7143785	11023784
pi	9	11033785	11063784
pi	9	11073785	14163784
pi	9	14173785	14743784
pi	9	14753785	14963784
pi	9	14983785	16183784
pi	9	16193785	16473784
pi	9	16503785	16803784
pi	9	16823785	16973784
fDM	1	1	20520238
fDM	1	20620238	48362429
fDM	10	36996	12536996
fDM	10	13086996	13336996
fDM	2	81045	2581045
fDM	2	2631045	33081045
fDM	3	15254	10865254
fDM	3	11015254	11165254
fDM	3	11765254	18015254
fDM	3	18235837	31035837
fDM	4	78305	4078305
fDM	4	4128305	8478305
fDM	4	8678305	8978305
fDM	4	9028305	9178305
fDM	4	9278305	12402016
fDM	4	12552016	15502016
fDM	4	15603280	20873973
fDM	4	20923973	21623973
fDM	4	21673973	21923973
fDM	4	22057904	22907904
fDM	4	23464431	24864431
fDM	4	24964431	29814431
fDM	5	6682	5356682
fDM	5	5406682	25806682
fDM	6	198791	7298791
fDM	6	7348791	22648791
fDM	7	48655	21898655
fDM	8	2746	5128929
fDM	8	5278929	10978929
fDM	8	11234664	13584664
fDM	8	13684664	17384664
fDM	8	17784664	18084664
fDM	8	18184664	20084664
fDM	9	22961	2072961
fDM	9	3072961	16972961
fDM	9	16974366	19624366
fDM	Tmol_scf_18	5018	455018
fDM	Tmol_scf_23	64038	214038
fDM	Tmol_scf_30	206397	356397
fDM	Tmol_scf_35	5122	255122
fDM	Tmol_scf_46	998	200998
fDM	Tmol_scf_51	1579	101579
D_pi	1	7536	1247535
D_pi	1	1292535	2192534
D_pi	1	2202535	2522534
D_pi	1	2552535	2787535
D_pi	1	2802535	4057535
D_pi	1	4102535	4287535
D_pi	1	4302535	7132534
D_pi	1	7142535	9642534
D_pi	1	9672535	10162534
D_pi	1	10182535	12237535
D_pi	1	12252535	14707535
D_pi	1	14722535	15002534
D_pi	1	15012535	15057535
D_pi	1	15132535	15142534
D_pi	1	15162535	15172534
D_pi	1	15182535	18912534
D_pi	1	18922535	20147535
D_pi	1	20162535	20172534
D_pi	1	20182535	20272534
D_pi	1	20282535	20467535
D_pi	1	20592535	20597535
D_pi	1	20682535	20702534
D_pi	1	20712535	20742534
D_pi	1	20782535	20802534
D_pi	1	20812535	20872534
D_pi	1	20892535	21472534
D_pi	1	21482535	21672534
D_pi	1	21682535	21842534
D_pi	1	21862535	24087535
D_pi	1	24102535	24987535
D_pi	1	25002535	25647535
D_pi	1	25662535	25917535
D_pi	1	25933101	27173100
D_pi	1	27193101	27243100
D_pi	1	27253101	27283100
D_pi	1	27293101	32723100
D_pi	1	32733101	33968101
D_pi	1	33983101	34438101
D_pi	1	34453101	34533100
D_pi	1	34543101	34633100
D_pi	1	34643101	35133100
D_pi	1	35143101	35923100
D_pi	1	35933101	36663100
D_pi	1	36673101	37893100
D_pi	1	37943101	43298101
D_pi	1	43313101	44338101
D_pi	1	44393101	45648101
D_pi	1	45693101	45908101
D_pi	1	45953101	46868101
D_pi	1	46973101	47503100
D_pi	1	47533101	47618101
D_pi	1	47633101	47648101
D_pi	1	47663101	48348101
D_pi	10	40001	290000
D_pi	10	305000	380000
D_pi	10	395000	690000
D_pi	10	710001	1290000
D_pi	10	1335000	1780000
D_pi	10	1820001	2500000
D_pi	10	2515000	3080000
D_pi	10	3125000	6050000
D_pi	10	6095000	10620000
D_pi	10	10635000	12190000
D_pi	10	12205000	13420000
D_pi	10	13430001	15090000
D_pi	10	15100001	15110000
D_pi	10	15140001	15170000
D_pi	10	15180001	15370000
D_pi	10	15380001	15540000
D_pi	10	15580001	15794999
D_pi	2	35000	40000
D_pi	2	55000	1210000
D_pi	2	1220001	5720000
D_pi	2	5855000	6200000
D_pi	2	6215000	10900000
D_pi	2	10910001	14980000
D_pi	2	14990001	16420000
D_pi	2	16430001	16600000
D_pi	2	16610001	20880000
D_pi	2	20895000	21080000
D_pi	2	21090001	21120000
D_pi	2	21140001	21150000
D_pi	2	21160001	21190000
D_pi	2	21200001	21210000
D_pi	2	21220001	22600000
D_pi	2	22615000	24860000
D_pi	2	24870001	24890000
D_pi	2	24960001	27390000
D_pi	2	27405000	27420000
D_pi	2	27430001	27650000
D_pi	2	27670001	30570000
D_pi	2	30585000	31230000
D_pi	2	31240001	31660000
D_pi	2	31685000	33034999
D_pi	3	15000	430000
D_pi	3	475000	1040000
D_pi	3	1060001	1450000
D_pi	3	1475000	1790000
D_pi	3	1845000	2890000
D_pi	3	3000001	3420000
D_pi	3	3435000	6490000
D_pi	3	6500001	6530000
D_pi	3	6555000	8570000
D_pi	3	8585000	8650000
D_pi	3	8665000	9550000
D_pi	3	9560001	10720000
D_pi	3	10730001	11270000
D_pi	3	11280001	11350000
D_pi	3	11470001	11490000
D_pi	3	11500001	11520000
D_pi	3	11550001	11560000
D_pi	3	11590001	11600000
D_pi	3	11610001	11640000
D_pi	3	11650001	11660000
D_pi	3	11690001	11720000
D_pi	3	11770001	11780000
D_pi	3	11810001	14680000
D_pi	3	14695000	15370000
D_pi	3	15385000	15680000
D_pi	3	15695000	15990000
D_pi	3	16050001	16080000
D_pi	3	16095000	16130000
D_pi	3	16140001	16200000
D_pi	3	16210001	16960000
D_pi	3	16970001	17040000
D_pi	3	17055000	17990000
D_pi	3	18010001	18030000
D_pi	3	18070001	18074999
D_pi	3	18133621	18193620
D_pi	3	18203621	18233620
D_pi	3	18243621	19513620
D_pi	3	19533621	19543620
D_pi	3	19553621	20733620
D_pi	3	20743621	20813620
D_pi	3	20823621	20853620
D_pi	3	20893621	20933620
D_pi	3	20963621	20973620
D_pi	3	20993621	21013620
D_pi	3	21023621	21113620
D_pi	3	21143621	21193620
D_pi	3	21223621	21323620
D_pi	3	21343621	21353620
D_pi	3	21363621	21383620
D_pi	3	21403621	21408621
D_pi	3	21423621	21433620
D_pi	3	21443621	21448621
D_pi	3	21463621	21473620
D_pi	3	21483621	21503620
D_pi	3	21543621	21548621
D_pi	3	21563621	21683620
D_pi	3	21693621	21763620
D_pi	3	21783621	21853620
D_pi	3	21863621	21903620
D_pi	3	21913621	21963620
D_pi	3	21993621	22193620
D_pi	3	22203621	22688621
D_pi	3	22703621	25023620
D_pi	3	25033621	25168621
D_pi	3	25183621	25318621
D_pi	3	25333621	26458621
D_pi	3	26473621	27373620
D_pi	3	27383621	27393620
D_pi	3	27403621	28008621
D_pi	3	28023621	28078621
D_pi	3	28093621	28248621
D_pi	3	28263621	29203620
D_pi	3	29243621	29603620
D_pi	3	29613621	29878621
D_pi	3	29893621	31068621
D_pi	4	40001	50000
D_pi	4	70001	170000
D_pi	4	185000	820000
D_pi	4	830001	860000
D_pi	4	930001	970000
D_pi	4	980001	1530000
D_pi	4	1575000	1960000
D_pi	4	1975000	2220000
D_pi	4	2265000	2820000
D_pi	5	5000	2700000
D_pi	5	2710001	2720000
D_pi	5	2740001	3340000
D_pi	5	3350001	3440000
D_pi	5	3455000	3860000
D_pi	5	3875000	4520000
D_pi	5	4530001	4560000
D_pi	5	4570001	6070000
D_pi	5	6090001	6200000
D_pi	5	6230001	6710000
D_pi	5	6725000	6790000
D_pi	5	6820001	7840000
D_pi	5	7850001	9260000
D_pi	5	9280001	11850000
D_pi	5	11865000	16630000
D_pi	5	16645000	18530000
D_pi	5	18545000	18780000
D_pi	5	18805000	20030000
D_pi	5	20055000	20070000
D_pi	5	20130001	20140000
D_pi	5	20170001	21230000
D_pi	5	21265000	21290000
D_pi	5	21315000	22620000
D_pi	5	22650001	23130000
D_pi	5	23150001	23880000
D_pi	5	23915000	25730000
D_pi	6	10001	20000
D_pi	6	45000	50000
D_pi	6	75000	80000
D_pi	6	120001	130000
D_pi	6	195000	200000
D_pi	6	235000	930000
D_pi	6	985000	1690000
D_pi	6	1710001	2210000
D_pi	6	2230001	2380000
D_pi	6	2390001	2520000
D_pi	6	2535000	3790000
D_pi	6	3835000	6150000
D_pi	6	6175000	7220000
D_pi	6	7280001	7290000
D_pi	6	7380001	9610000
D_pi	6	9625000	9640000
D_pi	6	9655000	10920000
D_pi	6	10930001	16270000
D_pi	6	16280001	17980000
D_pi	6	17990001	18400000
D_pi	6	18420001	19280000
D_pi	6	19300001	19430000
D_pi	6	19440001	19490000
D_pi	6	19535000	19620000
D_pi	6	19630001	19640000
D_pi	6	19650001	19830000
D_pi	6	19845000	20860000
D_pi	6	20880001	20890000
D_pi	6	20900001	20970000
D_pi	6	20980001	21110000
D_pi	6	21140001	21150000
D_pi	6	21175000	21520000
D_pi	6	21540001	21880000
D_pi	6	21890001	22410000
D_pi	6	22420001	22630000
D_pi	7	35000	40000
D_pi	7	55000	330000
D_pi	7	345000	780000
D_pi	7	795000	800000
D_pi	7	835000	1230000
D_pi	7	1260001	1850000
D_pi	7	1865000	2140000
D_pi	7	2155000	2700000
D_pi	7	2760001	3480000
D_pi	7	3500001	3640000
D_pi	7	3650001	3760000
D_pi	7	3770001	4730000
D_pi	7	4765000	5600000
D_pi	7	5625000	6610000
D_pi	7	6635000	7630000
D_pi	7	7640001	16310000
D_pi	7	16330001	18820000
D_pi	7	18835000	19130000
D_pi	7	19140001	19150000
D_pi	7	19160001	19190000
D_pi	7	19200001	19490000
D_pi	7	19500001	19750000
D_pi	7	19765000	19810000
D_pi	7	19825000	20510000
D_pi	7	20525000	21880000
D_pi	8	1083615	1478615
D_pi	8	1493615	1498615
D_pi	8	1508616	1518615
D_pi	8	1533615	1758615
D_pi	8	1773615	2318615
D_pi	8	2328616	3328615
D_pi	8	3343615	3408615
D_pi	8	3423615	5078615
D_pi	8	5108616	5118615
D_pi	8	5148616	5178615
D_pi	8	5218616	5278615
D_pi	8	5298616	6448615
D_pi	8	6458616	6478615
D_pi	8	6503615	6528615
D_pi	8	6538616	7268615
D_pi	8	7293615	7418615
D_pi	8	7428616	7778615
D_pi	8	7788616	8168615
D_pi	8	8178616	8208615
D_pi	8	8233615	8238615
D_pi	8	8253615	8308615
D_pi	8	8353615	8378615
D_pi	8	8413615	8468615
D_pi	8	8533615	8538615
D_pi	8	8573615	8608615
D_pi	8	8623615	9608615
D_pi	8	9618616	9918615
D_pi	8	9933615	10208615
D_pi	8	10218616	11068615
D_pi	9	8786	68785
D_pi	9	83785	1048785
D_pi	9	1083785	1323784
D_pi	9	1333785	1343784
D_pi	9	1363785	2533784
D_pi	9	2543785	2823784
D_pi	9	2833785	2843784
D_pi	9	2853785	3768785
D_pi	9	3783785	3948785
D_pi	9	3983785	4738785
D_pi	9	4753785	6003784
D_pi	9	6013785	7048785
D_pi	9	7063785	7128785
D_pi	9	7143785	11018785
D_pi	9	11033785	11058785
D_pi	9	11073785	14158785
D_pi	9	14173785	14743784
D_pi	9	14753785	14963784
D_pi	9	14983785	16183784
D_pi	9	16193785	16473784
D_pi	9	16503785	16803784
D_pi	9	16823785	16968785
D_fDM	1	7536	1247535
D_fDM	1	1287536	2527535
D_fDM	1	2537536	2787535
D_fDM	1	2797536	4057535
D_fDM	1	4097536	4287535
D_fDM	1	4297536	12237535
D_fDM	1	12247536	14707535
D_fDM	1	14717536	15057535
D_fDM	1	15097536	15107535
D_fDM	1	15127536	15147535
D_fDM	1	15157536	20147535
D_fDM	1	20157536	20467535
D_fDM	1	20497536	20507535
D_fDM	1	20677536	24087535
D_fDM	1	24097536	24987535
D_fDM	1	24997536	25647535
D_fDM	1	25657536	25917535
D_fDM	1	25928102	33968101
D_fDM	1	33978102	34438101
D_fDM	1	34448102	37898101
D_fDM	1	37928102	43298101
D_fDM	1	43308102	44338101
D_fDM	1	44388102	45648101
D_fDM	1	45688102	45908101
D_fDM	1	45948102	46868101
D_fDM	1	46968102	47508101
D_fDM	1	47518102	47618101
D_fDM	1	47628102	47648101
D_fDM	1	47658102	48348101
D_fDM	10	36996	294999
D_fDM	10	305000	384999
D_fDM	10	395000	1294999
D_fDM	10	1335000	1784999
D_fDM	10	1795000	2504999
D_fDM	10	2515000	3084999
D_fDM	10	3125000	6054999
D_fDM	10	6065000	6074999
D_fDM	10	6095000	10624999
D_fDM	10	10635000	12194999
D_fDM	10	12205000	12536996
D_fDM	10	13086996	13336996
D_fDM	2	81045	2581045
D_fDM	2	2631045	5724999
D_fDM	2	5855000	6204999
D_fDM	2	6215000	20884999
D_fDM	2	20895000	21124999
D_fDM	2	21135000	22604999
D_fDM	2	22615000	24904999
D_fDM	2	24915000	27394999
D_fDM	2	27405000	30574999
D_fDM	2	30585000	31664999
D_fDM	2	31685000	33034999
D_fDM	3	15254	434999
D_fDM	3	475000	1454999
D_fDM	3	1475000	1794999
D_fDM	3	1845000	2894999
D_fDM	3	2995000	3424999
D_fDM	3	3435000	6534999
D_fDM	3	6555000	8574999
D_fDM	3	8585000	8654999
D_fDM	3	8665000	10865254
D_fDM	3	11015254	11165254
D_fDM	3	11765254	14684999
D_fDM	3	14695000	15374999
D_fDM	3	15385000	15684999
D_fDM	3	15695000	16024999
D_fDM	3	16035000	16084999
D_fDM	3	16095000	17044999
D_fDM	3	17055000	17994999
D_fDM	3	18005000	18015254
D_fDM	3	18235837	21408621
D_fDM	3	21418622	21448621
D_fDM	3	21458622	21508621
D_fDM	3	21518622	21528621
D_fDM	3	21538622	21548621
D_fDM	3	21558622	22688621
D_fDM	3	22698622	25168621
D_fDM	3	25178622	25318621
D_fDM	3	25328622	26458621
D_fDM	3	26468622	28008621
D_fDM	3	28018622	28078621
D_fDM	3	28088622	28248621
D_fDM	3	28258622	29208621
D_fDM	3	29238622	29878621
D_fDM	3	29888622	31035837
D_fDM	4	78305	174999
D_fDM	4	185000	1534999
D_fDM	4	1575000	1964999
D_fDM	4	1975000	2224999
D_fDM	4	2265000	2824999
D_fDM	5	6682	3444999
D_fDM	5	3455000	3864999
D_fDM	5	3875000	5356682
D_fDM	5	5406682	6074999
D_fDM	5	6085000	6714999
D_fDM	5	6725000	6794999
D_fDM	5	6805000	11854999
D_fDM	5	11865000	16634999
D_fDM	5	16645000	18534999
D_fDM	5	18545000	18784999
D_fDM	5	18805000	20034999
D_fDM	5	20055000	20074999
D_fDM	5	20115000	20144999
D_fDM	5	20165000	21244999
D_fDM	5	21265000	21294999
D_fDM	5	21315000	22634999
D_fDM	5	22645000	23134999
D_fDM	5	23145000	23884999
D_fDM	5	23915000	25734999
D_fDM	6	198791	204999
D_fDM	6	235000	934999
D_fDM	6	985000	1694999
D_fDM	6	1705000	2214999
D_fDM	6	2225000	2524999
D_fDM	6	2535000	3794999
D_fDM	6	3835000	6154999
D_fDM	6	6175000	7298791
D_fDM	6	7348791	9614999
D_fDM	6	9625000	9644999
D_fDM	6	9655000	19514999
D_fDM	6	19535000	19834999
D_fDM	6	19845000	20864999
D_fDM	6	20875000	21164999
D_fDM	6	21175000	22634999
D_fDM	7	55000	334999
D_fDM	7	345000	784999
D_fDM	7	795000	804999
D_fDM	7	835000	1234999
D_fDM	7	1255000	1854999
D_fDM	7	1865000	2144999
D_fDM	7	2155000	2704999
D_fDM	7	2755000	3484999
D_fDM	7	3495000	4734999
D_fDM	7	4765000	5604999
D_fDM	7	5625000	6614999
D_fDM	7	6635000	16314999
D_fDM	7	16325000	18824999
D_fDM	7	18835000	19754999
D_fDM	7	19765000	19814999
D_fDM	7	19825000	20514999
D_fDM	7	20525000	21884999
D_fDM	8	1083615	1483614
D_fDM	8	1493615	1523614
D_fDM	8	1533615	1763614
D_fDM	8	1773615	3333614
D_fDM	8	3343615	3413614
D_fDM	8	3423615	5128929
D_fDM	8	5278929	6483614
D_fDM	8	6503615	7283614
D_fDM	8	7293615	8223614
D_fDM	8	8233615	8243614
D_fDM	8	8253615	8313614
D_fDM	8	8323615	8333614
D_fDM	8	8353615	8403614
D_fDM	8	8413615	8473614
D_fDM	8	8483615	8523614
D_fDM	8	8533615	8543614
D_fDM	8	8573615	8613614
D_fDM	8	8623615	9923614
D_fDM	8	9933615	10978929
D_fDM	9	22961	68785
D_fDM	9	78786	1048785
D_fDM	9	1068786	2072961
D_fDM	9	3072961	3768785
D_fDM	9	3778786	3948785
D_fDM	9	3958786	3968785
D_fDM	9	3978786	4738785
D_fDM	9	4748786	7048785
D_fDM	9	7058786	7128785
D_fDM	9	7138786	11018785
D_fDM	9	11028786	11058785
D_fDM	9	11068786	14158785
D_fDM	9	14168786	16808785
D_fDM	9	16818786	16968785
pi_fDM	1	2535	1252534
pi_fDM	1	1292535	2192534
pi_fDM	1	2202535	2522534
pi_fDM	1	2552535	2792534
pi_fDM	1	2802535	4062534
pi_fDM	1	4102535	4292534
pi_fDM	1	4302535	7132534
pi_fDM	1	7142535	9642534
pi_fDM	1	9672535	10162534
pi_fDM	1	10182535	12242534
pi_fDM	1	12252535	14712534
pi_fDM	1	14722535	15002534
pi_fDM	1	15012535	15062534
pi_fDM	1	15132535	15142534
pi_fDM	1	15162535	15172534
pi_fDM	1	15182535	18912534
pi_fDM	1	18922535	20152534
pi_fDM	1	20162535	20172534
pi_fDM	1	20182535	20272534
pi_fDM	1	20282535	20472534
pi_fDM	1	20682535	20702534
pi_fDM	1	20712535	20742534
pi_fDM	1	20782535	20802534
pi_fDM	1	20812535	20872534
pi_fDM	1	20892535	21472534
pi_fDM	1	21482535	21672534
pi_fDM	1	21682535	21842534
pi_fDM	1	21862535	24092534
pi_fDM	1	24102535	24992534
pi_fDM	1	25002535	25652534
pi_fDM	1	25662535	25922534
pi_fDM	1	25933101	27173100
pi_fDM	1	27193101	27243100
pi_fDM	1	27253101	27283100
pi_fDM	1	27293101	32723100
pi_fDM	1	32733101	33973100
pi_fDM	1	33983101	34443100
pi_fDM	1	34453101	34533100
pi_fDM	1	34543101	34633100
pi_fDM	1	34643101	35133100
pi_fDM	1	35143101	35923100
pi_fDM	1	35933101	36663100
pi_fDM	1	36673101	37893100
pi_fDM	1	37943101	43303100
pi_fDM	1	43313101	44343100
pi_fDM	1	44393101	45653100
pi_fDM	1	45693101	45913100
pi_fDM	1	45953101	46873100
pi_fDM	1	46973101	47503100
pi_fDM	1	47533101	47623100
pi_fDM	1	47633101	47653100
pi_fDM	1	47663101	48353100
pi_fDM	10	40001	290000
pi_fDM	10	300001	380000
pi_fDM	10	390001	690000
pi_fDM	10	710001	1290000
pi_fDM	10	1330001	1780000
pi_fDM	10	1820001	2500000
pi_fDM	10	2510001	3080000
pi_fDM	10	3120001	6050000
pi_fDM	10	6090001	10620000
pi_fDM	10	10630001	12190000
pi_fDM	10	12200001	12536996
pi_fDM	10	13086996	13336996
pi_fDM	2	81045	1210000
pi_fDM	2	1220001	2581045
pi_fDM	2	2631045	5720000
pi_fDM	2	5850001	6200000
pi_fDM	2	6210001	10900000
pi_fDM	2	10910001	14980000
pi_fDM	2	14990001	16420000
pi_fDM	2	16430001	16600000
pi_fDM	2	16610001	20880000
pi_fDM	2	20890001	21080000
pi_fDM	2	21090001	21120000
pi_fDM	2	21140001	21150000
pi_fDM	2	21160001	21190000
pi_fDM	2	21200001	21210000
pi_fDM	2	21220001	22600000
pi_fDM	2	22610001	24860000
pi_fDM	2	24870001	24890000
pi_fDM	2	24960001	27390000
pi_fDM	2	27400001	27420000
pi_fDM	2	27430001	27650000
pi_fDM	2	27670001	30570000
pi_fDM	2	30580001	31230000
pi_fDM	2	31240001	31660000
pi_fDM	2	31680001	33040000
pi_fDM	3	15254	430000
pi_fDM	3	470001	1040000
pi_fDM	3	1060001	1450000
pi_fDM	3	1470001	1790000
pi_fDM	3	1840001	2890000
pi_fDM	3	3000001	3420000
pi_fDM	3	3430001	6490000
pi_fDM	3	6500001	6530000
pi_fDM	3	6550001	8570000
pi_fDM	3	8580001	8650000
pi_fDM	3	8660001	9550000
pi_fDM	3	9560001	10720000
pi_fDM	3	10730001	10865254
pi_fDM	3	11015254	11165254
pi_fDM	3	11770001	11780000
pi_fDM	3	11810001	14680000
pi_fDM	3	14690001	15370000
pi_fDM	3	15380001	15680000
pi_fDM	3	15690001	15990000
pi_fDM	3	16050001	16080000
pi_fDM	3	16090001	16130000
pi_fDM	3	16140001	16200000
pi_fDM	3	16210001	16960000
pi_fDM	3	16970001	17040000
pi_fDM	3	17050001	17990000
pi_fDM	3	18010001	18015254
pi_fDM	3	18243621	19513620
pi_fDM	3	19533621	19543620
pi_fDM	3	19553621	20733620
pi_fDM	3	20743621	20813620
pi_fDM	3	20823621	20853620
pi_fDM	3	20893621	20933620
pi_fDM	3	20963621	20973620
pi_fDM	3	20993621	21013620
pi_fDM	3	21023621	21113620
pi_fDM	3	21143621	21193620
pi_fDM	3	21223621	21323620
pi_fDM	3	21343621	21353620
pi_fDM	3	21363621	21383620
pi_fDM	3	21403621	21413620
pi_fDM	3	21423621	21433620
pi_fDM	3	21443621	21453620
pi_fDM	3	21463621	21473620
pi_fDM	3	21483621	21503620
pi_fDM	3	21543621	21553620
pi_fDM	3	21563621	21683620
pi_fDM	3	21693621	21763620
pi_fDM	3	21783621	21853620
pi_fDM	3	21863621	21903620
pi_fDM	3	21913621	21963620
pi_fDM	3	21993621	22193620
pi_fDM	3	22203621	22693620
pi_fDM	3	22703621	25023620
pi_fDM	3	25033621	25173620
pi_fDM	3	25183621	25323620
pi_fDM	3	25333621	26463620
pi_fDM	3	26473621	27373620
pi_fDM	3	27383621	27393620
pi_fDM	3	27403621	28013620
pi_fDM	3	28023621	28083620
pi_fDM	3	28093621	28253620
pi_fDM	3	28263621	29203620
pi_fDM	3	29243621	29603620
pi_fDM	3	29613621	29883620
pi_fDM	3	29893621	31035837
pi_fDM	4	78305	170000
pi_fDM	4	180001	820000
pi_fDM	4	830001	860000
pi_fDM	4	930001	970000
pi_fDM	4	980001	1530000
pi_fDM	4	1570001	1960000
pi_fDM	4	1970001	2220000
pi_fDM	4	2260001	2820000
pi_fDM	5	6682	2700000
pi_fDM	5	2710001	2720000
pi_fDM	5	2740001	3340000
pi_fDM	5	3350001	3440000
pi_fDM	5	3450001	3860000
pi_fDM	5	3870001	4520000
pi_fDM	5	4530001	4560000
pi_fDM	5	4570001	5356682
pi_fDM	5	5406682	6070000
pi_fDM	5	6090001	6200000
pi_fDM	5	6230001	6710000
pi_fDM	5	6720001	6790000
pi_fDM	5	6820001	7840000
pi_fDM	5	7850001	9260000
pi_fDM	5	9280001	11850000
pi_fDM	5	11860001	16630000
pi_fDM	5	16640001	18530000
pi_fDM	5	18540001	18780000
pi_fDM	5	18800001	20030000
pi_fDM	5	20050001	20070000
pi_fDM	5	20130001	20140000
pi_fDM	5	20170001	21230000
pi_fDM	5	21260001	21290000
pi_fDM	5	21310001	22620000
pi_fDM	5	22650001	23130000
pi_fDM	5	23150001	23880000
pi_fDM	5	23910001	25730000
pi_fDM	6	198791	200000
pi_fDM	6	230001	930000
pi_fDM	6	980001	1690000
pi_fDM	6	1710001	2210000
pi_fDM	6	2230001	2380000
pi_fDM	6	2390001	2520000
pi_fDM	6	2530001	3790000
pi_fDM	6	3830001	6150000
pi_fDM	6	6170001	7220000
pi_fDM	6	7280001	7290000
pi_fDM	6	7380001	9610000
pi_fDM	6	9620001	9640000
pi_fDM	6	9650001	10920000
pi_fDM	6	10930001	16270000
pi_fDM	6	16280001	17980000
pi_fDM	6	17990001	18400000
pi_fDM	6	18420001	19280000
pi_fDM	6	19300001	19430000
pi_fDM	6	19440001	19490000
pi_fDM	6	19530001	19620000
pi_fDM	6	19630001	19640000
pi_fDM	6	19650001	19830000
pi_fDM	6	19840001	20860000
pi_fDM	6	20880001	20890000
pi_fDM	6	20900001	20970000
pi_fDM	6	20980001	21110000
pi_fDM	6	21140001	21150000
pi_fDM	6	21170001	21520000
pi_fDM	6	21540001	21880000
pi_fDM	6	21890001	22410000
pi_fDM	6	22420001	22630000
pi_fDM	7	50001	330000
pi_fDM	7	340001	780000
pi_fDM	7	790001	800000
pi_fDM	7	830001	1230000
pi_fDM	7	1260001	1850000
pi_fDM	7	1860001	2140000
pi_fDM	7	2150001	2700000
pi_fDM	7	2760001	3480000
pi_fDM	7	3500001	3640000
pi_fDM	7	3650001	3760000
pi_fDM	7	3770001	4730000
pi_fDM	7	4760001	5600000
pi_fDM	7	5620001	6610000
pi_fDM	7	6630001	7630000
pi_fDM	7	7640001	16310000
pi_fDM	7	16330001	18820000
pi_fDM	7	18830001	19130000
pi_fDM	7	19140001	19150000
pi_fDM	7	19160001	19190000
pi_fDM	7	19200001	19490000
pi_fDM	7	19500001	19750000
pi_fDM	7	19760001	19810000
pi_fDM	7	19820001	20510000
pi_fDM	7	20520001	21880000
pi_fDM	8	1078616	1478615
pi_fDM	8	1488616	1498615
pi_fDM	8	1508616	1518615
pi_fDM	8	1528616	1758615
pi_fDM	8	1768616	2318615
pi_fDM	8	2328616	3328615
pi_fDM	8	3338616	3408615
pi_fDM	8	3418616	5078615
pi_fDM	8	5108616	5118615
pi_fDM	8	5298616	6448615
pi_fDM	8	6458616	6478615
pi_fDM	8	6498616	6528615
pi_fDM	8	6538616	7268615
pi_fDM	8	7288616	7418615
pi_fDM	8	7428616	7778615
pi_fDM	8	7788616	8168615
pi_fDM	8	8178616	8208615
pi_fDM	8	8228616	8238615
pi_fDM	8	8248616	8308615
pi_fDM	8	8348616	8378615
pi_fDM	8	8408616	8468615
pi_fDM	8	8528616	8538615
pi_fDM	8	8568616	8608615
pi_fDM	8	8618616	9608615
pi_fDM	8	9618616	9918615
pi_fDM	8	9928616	10208615
pi_fDM	8	10218616	10978929
pi_fDM	9	22961	73784
pi_fDM	9	83785	1053784
pi_fDM	9	1083785	1323784
pi_fDM	9	1333785	1343784
pi_fDM	9	1363785	2072961
pi_fDM	9	3072961	3773784
pi_fDM	9	3783785	3953784
pi_fDM	9	3983785	4743784
pi_fDM	9	4753785	6003784
pi_fDM	9	6013785	7053784
pi_fDM	9	7063785	7133784
pi_fDM	9	7143785	11023784
pi_fDM	9	11033785	11063784
pi_fDM	9	11073785	14163784
pi_fDM	9	14173785	14743784
pi_fDM	9	14753785	14963784
pi_fDM	9	14983785	16183784
pi_fDM	9	16193785	16473784
pi_fDM	9	16503785	16803784
pi_fDM	9	16823785	16972961
D_pi_fDM	1	7536	1247535
D_pi_fDM	1	1292535	2192534
D_pi_fDM	1	2202535	2522534
D_pi_fDM	1	2552535	2787535
D_pi_fDM	1	2802535	4057535
D_pi_fDM	1	4102535	4287535
D_pi_fDM	1	4302535	7132534
D_pi_fDM	1	7142535	9642534
D_pi_fDM	1	9672535	10162534
D_pi_fDM	1	10182535	12237535
D_pi_fDM	1	12252535	14707535
D_pi_fDM	1	14722535	15002534
D_pi_fDM	1	15012535	15057535
D_pi_fDM	1	15132535	15142534
D_pi_fDM	1	15162535	15172534
D_pi_fDM	1	15182535	18912534
D_pi_fDM	1	18922535	20147535
D_pi_fDM	1	20162535	20172534
D_pi_fDM	1	20182535	20272534
D_pi_fDM	1	20282535	20467535
D_pi_fDM	1	20682535	20702534
D_pi_fDM	1	20712535	20742534
D_pi_fDM	1	20782535	20802534
D_pi_fDM	1	20812535	20872534
D_pi_fDM	1	20892535	21472534
D_pi_fDM	1	21482535	21672534
D_pi_fDM	1	21682535	21842534
D_pi_fDM	1	21862535	24087535
D_pi_fDM	1	24102535	24987535
D_pi_fDM	1	25002535	25647535
D_pi_fDM	1	25662535	25917535
D_pi_fDM	1	25933101	27173100
D_pi_fDM	1	27193101	27243100
D_pi_fDM	1	27253101	27283100
D_pi_fDM	1	27293101	32723100
D_pi_fDM	1	32733101	33968101
D_pi_fDM	1	33983101	34438101
D_pi_fDM	1	34453101	34533100
D_pi_fDM	1	34543101	34633100
D_pi_fDM	1	34643101	35133100
D_pi_fDM	1	35143101	35923100
D_pi_fDM	1	35933101	36663100
D_pi_fDM	1	36673101	37893100
D_pi_fDM	1	37943101	43298101
D_pi_fDM	1	43313101	44338101
D_pi_fDM	1	44393101	45648101
D_pi_fDM	1	45693101	45908101
D_pi_fDM	1	45953101	46868101
D_pi_fDM	1	46973101	47503100
D_pi_fDM	1	47533101	47618101
D_pi_fDM	1	47633101	47648101
D_pi_fDM	1	47663101	48348101
D_pi_fDM	10	40001	290000
D_pi_fDM	10	305000	380000
D_pi_fDM	10	395000	690000
D_pi_fDM	10	710001	1290000
D_pi_fDM	10	1335000	1780000
D_pi_fDM	10	1820001	2500000
D_pi_fDM	10	2515000	3080000
D_pi_fDM	10	3125000	6050000
D_pi_fDM	10	6095000	10620000
D_pi_fDM	10	10635000	12190000
D_pi_fDM	10	12205000	12536996
D_pi_fDM	10	13086996	13336996
D_pi_fDM	2	81045	1210000
D_pi_fDM	2	1220001	2581045
D_pi_fDM	2	2631045	5720000
D_pi_fDM	2	5855000	6200000
D_pi_fDM	2	6215000	10900000
D_pi_fDM	2	10910001	14980000
D_pi_fDM	2	14990001	16420000
D_pi_fDM	2	16430001	16600000
D_pi_fDM	2	16610001	20880000
D_pi_fDM	2	20895000	21080000
D_pi_fDM	2	21090001	21120000
D_pi_fDM	2	21140001	21150000
D_pi_fDM	2	21160001	21190000
D_pi_fDM	2	21200001	21210000
D_pi_fDM	2	21220001	22600000
D_pi_fDM	2	22615000	24860000
D_pi_fDM	2	24870001	24890000
D_pi_fDM	2	24960001	27390000
D_pi_fDM	2	27405000	27420000
D_pi_fDM	2	27430001	27650000
D_pi_fDM	2	27670001	30570000
D_pi_fDM	2	30585000	31230000
D_pi_fDM	2	31240001	31660000
D_pi_fDM	2	31685000	33034999
D_pi_fDM	3	15254	430000
D_pi_fDM	3	475000	1040000
D_pi_fDM	3	1060001	1450000
D_pi_fDM	3	1475000	1790000
D_pi_fDM	3	1845000	2890000
D_pi_fDM	3	3000001	3420000
D_pi_fDM	3	3435000	6490000
D_pi_fDM	3	6500001	6530000
D_pi_fDM	3	6555000	8570000
D_pi_fDM	3	8585000	8650000
D_pi_fDM	3	8665000	9550000
D_pi_fDM	3	9560001	10720000
D_pi_fDM	3	10730001	10865254
D_pi_fDM	3	11015254	11165254
D_pi_fDM	3	11770001	11780000
D_pi_fDM	3	11810001	14680000
D_pi_fDM	3	14695000	15370000
D_pi_fDM	3	15385000	15680000
D_pi_fDM	3	15695000	15990000
D_pi_fDM	3	16050001	16080000
D_pi_fDM	3	16095000	16130000
D_pi_fDM	3	16140001	16200000
D_pi_fDM	3	16210001	16960000
D_pi_fDM	3	16970001	17040000
D_pi_fDM	3	17055000	17990000
D_pi_fDM	3	18010001	18015254
D_pi_fDM	3	18243621	19513620
D_pi_fDM	3	19533621	19543620
D_pi_fDM	3	19553621	20733620
D_pi_fDM	3	20743621	20813620
D_pi_fDM	3	20823621	20853620
D_pi_fDM	3	20893621	20933620
D_pi_fDM	3	20963621	20973620
D_pi_fDM	3	20993621	21013620
D_pi_fDM	3	21023621	21113620
D_pi_fDM	3	21143621	21193620
D_pi_fDM	3	21223621	21323620
D_pi_fDM	3	21343621	21353620
D_pi_fDM	3	21363621	21383620
D_pi_fDM	3	21403621	21408621
D_pi_fDM	3	21423621	21433620
D_pi_fDM	3	21443621	21448621
D_pi_fDM	3	21463621	21473620
D_pi_fDM	3	21483621	21503620
D_pi_fDM	3	21543621	21548621
D_pi_fDM	3	21563621	21683620
D_pi_fDM	3	21693621	21763620
D_pi_fDM	3	21783621	21853620
D_pi_fDM	3	21863621	21903620
D_pi_fDM	3	21913621	21963620
D_pi_fDM	3	21993621	22193620
D_pi_fDM	3	22203621	22688621
D_pi_fDM	3	22703621	25023620
D_pi_fDM	3	25033621	25168621
D_pi_fDM	3	25183621	25318621
D_pi_fDM	3	25333621	26458621
D_pi_fDM	3	26473621	27373620
D_pi_fDM	3	27383621	27393620
D_pi_fDM	3	27403621	28008621
D_pi_fDM	3	28023621	28078621
D_pi_fDM	3	28093621	28248621
D_pi_fDM	3	28263621	29203620
D_pi_fDM	3	29243621	29603620
D_pi_fDM	3	29613621	29878621
D_pi_fDM	3	29893621	31035837
D_pi_fDM	4	78305	170000
D_pi_fDM	4	185000	820000
D_pi_fDM	4	830001	860000
D_pi_fDM	4	930001	970000
D_pi_fDM	4	980001	1530000
D_pi_fDM	4	1575000	1960000
D_pi_fDM	4	1975000	2220000
D_pi_fDM	4	2265000	2820000
D_pi_fDM	5	6682	2700000
D_pi_fDM	5	2710001	2720000
D_pi_fDM	5	2740001	3340000
D_pi_fDM	5	3350001	3440000
D_pi_fDM	5	3455000	3860000
D_pi_fDM	5	3875000	4520000
D_pi_fDM	5	4530001	4560000
D_pi_fDM	5	4570001	5356682
D_pi_fDM	5	5406682	6070000
D_pi_fDM	5	6090001	6200000
D_pi_fDM	5	6230001	6710000
D_pi_fDM	5	6725000	6790000
D_pi_fDM	5	6820001	7840000
D_pi_fDM	5	7850001	9260000
D_pi_fDM	5	9280001	11850000
D_pi_fDM	5	11865000	16630000
D_pi_fDM	5	16645000	18530000
D_pi_fDM	5	18545000	18780000
D_pi_fDM	5	18805000	20030000
D_pi_fDM	5	20055000	20070000
D_pi_fDM	5	20130001	20140000
D_pi_fDM	5	20170001	21230000
D_pi_fDM	5	21265000	21290000
D_pi_fDM	5	21315000	22620000
D_pi_fDM	5	22650001	23130000
D_pi_fDM	5	23150001	23880000
D_pi_fDM	5	23915000	25730000
D_pi_fDM	6	198791	200000
D_pi_fDM	6	235000	930000
D_pi_fDM	6	985000	1690000
D_pi_fDM	6	1710001	2210000
D_pi_fDM	6	2230001	2380000
D_pi_fDM	6	2390001	2520000
D_pi_fDM	6	2535000	3790000
D_pi_fDM	6	3835000	6150000
D_pi_fDM	6	6175000	7220000
D_pi_fDM	6	7280001	7290000
D_pi_fDM	6	7380001	9610000
D_pi_fDM	6	9625000	9640000
D_pi_fDM	6	9655000	10920000
D_pi_fDM	6	10930001	16270000
D_pi_fDM	6	16280001	17980000
D_pi_fDM	6	17990001	18400000
D_pi_fDM	6	18420001	19280000
D_pi_fDM	6	19300001	19430000
D_pi_fDM	6	19440001	19490000
D_pi_fDM	6	19535000	19620000
D_pi_fDM	6	19630001	19640000
D_pi_fDM	6	19650001	19830000
D_pi_fDM	6	19845000	20860000
D_pi_fDM	6	20880001	20890000
D_pi_fDM	6	20900001	20970000
D_pi_fDM	6	20980001	21110000
D_pi_fDM	6	21140001	21150000
D_pi_fDM	6	21175000	21520000
D_pi_fDM	6	21540001	21880000
D_pi_fDM	6	21890001	22410000
D_pi_fDM	6	22420001	22630000
D_pi_fDM	7	55000	330000
D_pi_fDM	7	345000	780000
D_pi_fDM	7	795000	800000
D_pi_fDM	7	835000	1230000
D_pi_fDM	7	1260001	1850000
D_pi_fDM	7	1865000	2140000
D_pi_fDM	7	2155000	2700000
D_pi_fDM	7	2760001	3480000
D_pi_fDM	7	3500001	3640000
D_pi_fDM	7	3650001	3760000
D_pi_fDM	7	3770001	4730000
D_pi_fDM	7	4765000	5600000
D_pi_fDM	7	5625000	6610000
D_pi_fDM	7	6635000	7630000
D_pi_fDM	7	7640001	16310000
D_pi_fDM	7	16330001	18820000
D_pi_fDM	7	18835000	19130000
D_pi_fDM	7	19140001	19150000
D_pi_fDM	7	19160001	19190000
D_pi_fDM	7	19200001	19490000
D_pi_fDM	7	19500001	19750000
D_pi_fDM	7	19765000	19810000
D_pi_fDM	7	19825000	20510000
D_pi_fDM	7	20525000	21880000
D_pi_fDM	8	1083615	1478615
D_pi_fDM	8	1493615	1498615
D_pi_fDM	8	1508616	1518615
D_pi_fDM	8	1533615	1758615
D_pi_fDM	8	1773615	2318615
D_pi_fDM	8	2328616	3328615
D_pi_fDM	8	3343615	3408615
D_pi_fDM	8	3423615	5078615
D_pi_fDM	8	5108616	5118615
D_pi_fDM	8	5298616	6448615
D_pi_fDM	8	6458616	6478615
D_pi_fDM	8	6503615	6528615
D_pi_fDM	8	6538616	7268615
D_pi_fDM	8	7293615	7418615
D_pi_fDM	8	7428616	7778615
D_pi_fDM	8	7788616	8168615
D_pi_fDM	8	8178616	8208615
D_pi_fDM	8	8233615	8238615
D_pi_fDM	8	8253615	8308615
D_pi_fDM	8	8353615	8378615
D_pi_fDM	8	8413615	8468615
D_pi_fDM	8	8533615	8538615
D_pi_fDM	8	8573615	8608615
D_pi_fDM	8	8623615	9608615
D_pi_fDM	8	9618616	9918615
D_pi_fDM	8	9933615	10208615
D_pi_fDM	8	10218616	10978929
D_pi_fDM	9	22961	68785
D_pi_fDM	9	83785	1048785
D_pi_fDM	9	1083785	1323784
D_pi_fDM	9	1333785	1343784
D_pi_fDM	9	1363785	2072961
D_pi_fDM	9	3072961	3768785
D_pi_fDM	9	3783785	3948785
D_pi_fDM	9	3983785	4738785
D_pi_fDM	9	4753785	6003784
D_pi_fDM	9	6013785	7048785
D_pi_fDM	9	7063785	7128785
D_pi_fDM	9	7143785	11018785
D_pi_fDM	9	11033785	11058785
D_pi_fDM	9	11073785	14158785
D_pi_fDM	9	14173785	14743784
D_pi_fDM	9	14753785	14963784
D_pi_fDM	9	14983785	16183784
D_pi_fDM	9	16193785	16473784
D_pi_fDM	9	16503785	16803784
D_pi_fDM	9	16823785	16968785
