analysis_type	cutoff	cutoff_label	n_regions	selected_bp	callable_mask_bp
D	0.1	10%	719	10600000	225140000
D	0.05	5%	451	6240000	225140000
D	0.01	1%	118	1510000	225140000
pi	0.1	10%	782	10940000	221940000
pi	0.05	5%	504	7220000	221940000
pi	0.01	1%	154	1900000	221940000
fDM	0.1	10%	163	28500163	261183057
fDM	0.05	5%	90	14400090	261183057
fDM	0.01	1%	29	3300029	261183057
D_pi	0.1	10%	262	2515067	221235131
D_pi	0.05	5%	157	1415033	221235131
D_pi	0.01	1%	30	210016	221235131
D_fDM	0.1	10%	194	3108134	219506328
D_fDM	0.05	5%	87	1222441	219506328
D_fDM	0.01	1%	6	60630	219506328
pi_fDM	0.1	10%	180	2655394	217019969
pi_fDM	0.05	5%	73	956495	217019969
pi_fDM	0.01	1%	5	46996	217019969
D_pi_fDM	0.1	10%	83	841229	216380916
D_pi_fDM	0.05	5%	35	295964	216380916
D_pi_fDM	0.01	1%	1	5001	216380916
