cutoff	comparison	chromosome	start	end
0.1	France_Netherlands_vs_Belgium2	1	11170238	11270238
0.1	France_Netherlands_vs_Belgium2	1	13920238	14220238
0.1	France_Netherlands_vs_Belgium2	1	14520238	14670238
0.1	France_Netherlands_vs_Belgium2	1	18770238	18970238
0.1	France_Netherlands_vs_Belgium2	1	19470238	19720238
0.1	France_Netherlands_vs_Belgium2	1	19820238	19920238
0.1	France_Netherlands_vs_Belgium2	1	21770238	21920238
0.1	France_Netherlands_vs_Belgium2	1	23220238	23420238
0.1	France_Netherlands_vs_Belgium2	1	23720238	23820238
0.1	France_Netherlands_vs_Belgium2	1	24420238	24920238
0.1	France_Netherlands_vs_Belgium2	1	27962429	28162429
0.1	France_Netherlands_vs_Belgium2	1	28262429	28362429
0.1	France_Netherlands_vs_Belgium2	1	28512429	28812429
0.1	France_Netherlands_vs_Belgium2	1	28862429	29012429
0.1	France_Netherlands_vs_Belgium2	1	29162429	29312429
0.1	France_Netherlands_vs_Belgium2	1	29812429	29962429
0.1	France_Netherlands_vs_Belgium2	1	30162429	30412429
0.1	France_Netherlands_vs_Belgium2	1	30762429	30862429
0.1	France_Netherlands_vs_Belgium2	1	32362429	32562429
0.1	France_Netherlands_vs_Belgium2	1	33112429	33212429
0.1	France_Netherlands_vs_Belgium2	1	33612429	33712429
0.1	France_Netherlands_vs_Belgium2	1	33962429	34112429
0.1	France_Netherlands_vs_Belgium2	1	35962429	36062429
0.1	France_Netherlands_vs_Belgium2	10	6436996	6536996
0.1	France_Netherlands_vs_Belgium2	10	6686996	6786996
0.1	France_Netherlands_vs_Belgium2	10	9936996	10036996
0.1	France_Netherlands_vs_Belgium2	10	10586996	10936996
0.1	France_Netherlands_vs_Belgium2	10	11186996	11336996
0.1	France_Netherlands_vs_Belgium2	10	12286996	12386996
0.1	France_Netherlands_vs_Belgium2	2	4631045	4781045
0.1	France_Netherlands_vs_Belgium2	2	5681045	5881045
0.1	France_Netherlands_vs_Belgium2	2	7931045	8081045
0.1	France_Netherlands_vs_Belgium2	2	11331045	11431045
0.1	France_Netherlands_vs_Belgium2	2	13081045	13181045
0.1	France_Netherlands_vs_Belgium2	2	14031045	14131045
0.1	France_Netherlands_vs_Belgium2	2	14731045	14881045
0.1	France_Netherlands_vs_Belgium2	2	15031045	15131045
0.1	France_Netherlands_vs_Belgium2	2	15781045	15881045
0.1	France_Netherlands_vs_Belgium2	2	18831045	19231045
0.1	France_Netherlands_vs_Belgium2	2	20581045	20681045
0.1	France_Netherlands_vs_Belgium2	2	22281045	22381045
0.1	France_Netherlands_vs_Belgium2	2	23231045	23381045
0.1	France_Netherlands_vs_Belgium2	2	29431045	29531045
0.1	France_Netherlands_vs_Belgium2	2	30231045	30531045
0.1	France_Netherlands_vs_Belgium2	2	31831045	31931045
0.1	France_Netherlands_vs_Belgium2	2	32281045	32431045
0.1	France_Netherlands_vs_Belgium2	2	32831045	33081045
0.1	France_Netherlands_vs_Belgium2	3	9265254	9365254
0.1	France_Netherlands_vs_Belgium2	3	10315254	10415254
0.1	France_Netherlands_vs_Belgium2	3	10715254	10865254
0.1	France_Netherlands_vs_Belgium2	3	11965254	12215254
0.1	France_Netherlands_vs_Belgium2	3	12315254	12415254
0.1	France_Netherlands_vs_Belgium2	3	13315254	13415254
0.1	France_Netherlands_vs_Belgium2	3	13515254	14015254
0.1	France_Netherlands_vs_Belgium2	3	14265254	14565254
0.1	France_Netherlands_vs_Belgium2	3	14915254	15215254
0.1	France_Netherlands_vs_Belgium2	3	15365254	15465254
0.1	France_Netherlands_vs_Belgium2	3	16065254	16265254
0.1	France_Netherlands_vs_Belgium2	3	16615254	16715254
0.1	France_Netherlands_vs_Belgium2	3	21235837	21335837
0.1	France_Netherlands_vs_Belgium2	3	21985837	22085837
0.1	France_Netherlands_vs_Belgium2	3	22685837	22785837
0.1	France_Netherlands_vs_Belgium2	3	23535837	23685837
0.1	France_Netherlands_vs_Belgium2	3	23885837	24035837
0.1	France_Netherlands_vs_Belgium2	3	24535837	24635837
0.1	France_Netherlands_vs_Belgium2	3	25885837	25985837
0.1	France_Netherlands_vs_Belgium2	3	26585837	26685837
0.1	France_Netherlands_vs_Belgium2	3	27335837	27485837
0.1	France_Netherlands_vs_Belgium2	4	878305	978305
0.1	France_Netherlands_vs_Belgium2	4	3778305	4028305
0.1	France_Netherlands_vs_Belgium2	4	6228305	6378305
0.1	France_Netherlands_vs_Belgium2	4	8678305	8778305
0.1	France_Netherlands_vs_Belgium2	4	9778305	9878305
0.1	France_Netherlands_vs_Belgium2	4	10652016	10802016
0.1	France_Netherlands_vs_Belgium2	4	11202016	11302016
0.1	France_Netherlands_vs_Belgium2	4	11952016	12052016
0.1	France_Netherlands_vs_Belgium2	4	12702016	12952016
0.1	France_Netherlands_vs_Belgium2	4	13852016	13952016
0.1	France_Netherlands_vs_Belgium2	4	14352016	14552016
0.1	France_Netherlands_vs_Belgium2	4	14652016	14852016
0.1	France_Netherlands_vs_Belgium2	4	14952016	15052016
0.1	France_Netherlands_vs_Belgium2	4	15252016	15352016
0.1	France_Netherlands_vs_Belgium2	4	15653280	15753280
0.1	France_Netherlands_vs_Belgium2	4	16773973	16873973
0.1	France_Netherlands_vs_Belgium2	4	19223973	19373973
0.1	France_Netherlands_vs_Belgium2	4	22807904	22907904
0.1	France_Netherlands_vs_Belgium2	5	756682	856682
0.1	France_Netherlands_vs_Belgium2	5	1856682	2006682
0.1	France_Netherlands_vs_Belgium2	5	2956682	3256682
0.1	France_Netherlands_vs_Belgium2	5	4756682	4856682
0.1	France_Netherlands_vs_Belgium2	5	6706682	6856682
0.1	France_Netherlands_vs_Belgium2	5	9056682	9156682
0.1	France_Netherlands_vs_Belgium2	5	18256682	18356682
0.1	France_Netherlands_vs_Belgium2	5	19556682	19656682
0.1	France_Netherlands_vs_Belgium2	5	20206682	20306682
0.1	France_Netherlands_vs_Belgium2	5	20856682	20956682
0.1	France_Netherlands_vs_Belgium2	5	21056682	21156682
0.1	France_Netherlands_vs_Belgium2	6	2298791	2398791
0.1	France_Netherlands_vs_Belgium2	6	13898791	14048791
0.1	France_Netherlands_vs_Belgium2	6	15748791	15848791
0.1	France_Netherlands_vs_Belgium2	6	18048791	18198791
0.1	France_Netherlands_vs_Belgium2	6	19498791	19648791
0.1	France_Netherlands_vs_Belgium2	6	20048791	20148791
0.1	France_Netherlands_vs_Belgium2	7	48655	148655
0.1	France_Netherlands_vs_Belgium2	7	18198655	18298655
0.1	France_Netherlands_vs_Belgium2	7	18848655	18948655
0.1	France_Netherlands_vs_Belgium2	7	19148655	19248655
0.1	France_Netherlands_vs_Belgium2	7	19798655	19898655
0.1	France_Netherlands_vs_Belgium2	7	20448655	20598655
0.1	France_Netherlands_vs_Belgium2	7	21298655	21698655
0.1	France_Netherlands_vs_Belgium2	8	9928929	10078929
0.1	France_Netherlands_vs_Belgium2	8	10378929	10478929
0.1	France_Netherlands_vs_Belgium2	8	10678929	10778929
0.1	France_Netherlands_vs_Belgium2	8	11234664	11634664
0.1	France_Netherlands_vs_Belgium2	8	12584664	12834664
0.1	France_Netherlands_vs_Belgium2	9	972961	1072961
0.1	France_Netherlands_vs_Belgium2	9	1122961	1272961
0.1	France_Netherlands_vs_Belgium2	9	19474366	19624366
0.1	France_Netherlands_vs_Belgium2	Tmol_scf_18	105018	455018
0.1	France_Netherlands_vs_Belgium2	Tmol_scf_30	256397	356397
0.1	France_Netherlands_vs_Belgium2	Tmol_scf_35	5122	155122
0.1	France_Netherlands_vs_Belgium2	Tmol_scf_46	998	100998
0.1	France_Netherlands_vs_Czechia	1	3270238	3370238
0.1	France_Netherlands_vs_Czechia	1	11070238	11320238
0.1	France_Netherlands_vs_Czechia	1	12270238	12420238
0.1	France_Netherlands_vs_Czechia	1	14570238	14670238
0.1	France_Netherlands_vs_Czechia	1	16070238	16170238
0.1	France_Netherlands_vs_Czechia	1	18220238	18320238
0.1	France_Netherlands_vs_Czechia	1	18720238	18870238
0.1	France_Netherlands_vs_Czechia	1	19220238	19320238
0.1	France_Netherlands_vs_Czechia	1	19420238	20020238
0.1	France_Netherlands_vs_Czechia	1	21820238	21920238
0.1	France_Netherlands_vs_Czechia	1	22920238	23020238
0.1	France_Netherlands_vs_Czechia	1	23670238	23820238
0.1	France_Netherlands_vs_Czechia	1	24670238	24770238
0.1	France_Netherlands_vs_Czechia	1	25912429	26262429
0.1	France_Netherlands_vs_Czechia	1	26462429	26912429
0.1	France_Netherlands_vs_Czechia	1	27062429	27412429
0.1	France_Netherlands_vs_Czechia	1	27462429	28562429
0.1	France_Netherlands_vs_Czechia	1	28612429	28762429
0.1	France_Netherlands_vs_Czechia	1	28862429	29012429
0.1	France_Netherlands_vs_Czechia	1	29112429	29362429
0.1	France_Netherlands_vs_Czechia	1	30712429	31012429
0.1	France_Netherlands_vs_Czechia	1	32362429	32562429
0.1	France_Netherlands_vs_Czechia	1	33612429	33712429
0.1	France_Netherlands_vs_Czechia	10	5986996	6086996
0.1	France_Netherlands_vs_Czechia	10	6686996	6786996
0.1	France_Netherlands_vs_Czechia	10	10686996	10986996
0.1	France_Netherlands_vs_Czechia	10	11136996	11336996
0.1	France_Netherlands_vs_Czechia	10	12286996	12486996
0.1	France_Netherlands_vs_Czechia	2	7931045	8081045
0.1	France_Netherlands_vs_Czechia	2	13131045	13281045
0.1	France_Netherlands_vs_Czechia	2	14981045	15131045
0.1	France_Netherlands_vs_Czechia	2	17281045	17381045
0.1	France_Netherlands_vs_Czechia	2	18831045	18981045
0.1	France_Netherlands_vs_Czechia	2	19131045	19231045
0.1	France_Netherlands_vs_Czechia	2	22281045	22381045
0.1	France_Netherlands_vs_Czechia	2	23281045	23381045
0.1	France_Netherlands_vs_Czechia	2	25031045	25181045
0.1	France_Netherlands_vs_Czechia	2	26581045	26681045
0.1	France_Netherlands_vs_Czechia	2	29381045	29581045
0.1	France_Netherlands_vs_Czechia	2	29781045	29881045
0.1	France_Netherlands_vs_Czechia	2	30031045	30131045
0.1	France_Netherlands_vs_Czechia	2	30381045	30531045
0.1	France_Netherlands_vs_Czechia	2	31831045	31931045
0.1	France_Netherlands_vs_Czechia	2	32781045	33081045
0.1	France_Netherlands_vs_Czechia	3	10615254	10715254
0.1	France_Netherlands_vs_Czechia	3	12015254	12115254
0.1	France_Netherlands_vs_Czechia	3	14315254	14465254
0.1	France_Netherlands_vs_Czechia	3	16615254	16765254
0.1	France_Netherlands_vs_Czechia	3	19085837	19185837
0.1	France_Netherlands_vs_Czechia	3	19835837	19985837
0.1	France_Netherlands_vs_Czechia	3	20085837	20335837
0.1	France_Netherlands_vs_Czechia	3	20485837	20585837
0.1	France_Netherlands_vs_Czechia	3	22685837	22785837
0.1	France_Netherlands_vs_Czechia	3	23285837	23385837
0.1	France_Netherlands_vs_Czechia	3	27335837	27435837
0.1	France_Netherlands_vs_Czechia	3	28285837	28385837
0.1	France_Netherlands_vs_Czechia	4	3528305	3628305
0.1	France_Netherlands_vs_Czechia	4	3828305	4028305
0.1	France_Netherlands_vs_Czechia	4	4878305	5128305
0.1	France_Netherlands_vs_Czechia	4	5178305	5278305
0.1	France_Netherlands_vs_Czechia	4	6228305	6328305
0.1	France_Netherlands_vs_Czechia	4	7078305	7178305
0.1	France_Netherlands_vs_Czechia	4	7578305	7678305
0.1	France_Netherlands_vs_Czechia	4	10102016	10402016
0.1	France_Netherlands_vs_Czechia	4	11852016	12052016
0.1	France_Netherlands_vs_Czechia	4	12302016	12402016
0.1	France_Netherlands_vs_Czechia	4	12602016	12952016
0.1	France_Netherlands_vs_Czechia	4	15252016	15352016
0.1	France_Netherlands_vs_Czechia	4	16723973	16973973
0.1	France_Netherlands_vs_Czechia	4	17173973	17323973
0.1	France_Netherlands_vs_Czechia	4	17423973	17523973
0.1	France_Netherlands_vs_Czechia	4	17823973	18173973
0.1	France_Netherlands_vs_Czechia	4	25514431	25614431
0.1	France_Netherlands_vs_Czechia	5	656682	756682
0.1	France_Netherlands_vs_Czechia	5	1906682	2006682
0.1	France_Netherlands_vs_Czechia	5	5206682	5356682
0.1	France_Netherlands_vs_Czechia	5	5406682	5506682
0.1	France_Netherlands_vs_Czechia	5	6706682	6856682
0.1	France_Netherlands_vs_Czechia	5	8106682	8206682
0.1	France_Netherlands_vs_Czechia	5	9056682	9156682
0.1	France_Netherlands_vs_Czechia	5	19656682	19806682
0.1	France_Netherlands_vs_Czechia	5	20206682	20306682
0.1	France_Netherlands_vs_Czechia	6	6698791	6798791
0.1	France_Netherlands_vs_Czechia	6	13198791	13298791
0.1	France_Netherlands_vs_Czechia	6	13898791	14048791
0.1	France_Netherlands_vs_Czechia	6	14248791	14398791
0.1	France_Netherlands_vs_Czechia	6	14998791	15098791
0.1	France_Netherlands_vs_Czechia	6	15748791	15848791
0.1	France_Netherlands_vs_Czechia	6	19548791	19648791
0.1	France_Netherlands_vs_Czechia	6	20048791	20198791
0.1	France_Netherlands_vs_Czechia	6	20298791	20398791
0.1	France_Netherlands_vs_Czechia	7	17848655	17998655
0.1	France_Netherlands_vs_Czechia	7	18848655	18948655
0.1	France_Netherlands_vs_Czechia	7	19798655	19898655
0.1	France_Netherlands_vs_Czechia	7	20448655	20548655
0.1	France_Netherlands_vs_Czechia	7	21348655	21498655
0.1	France_Netherlands_vs_Czechia	7	21548655	21698655
0.1	France_Netherlands_vs_Czechia	8	9928929	10028929
0.1	France_Netherlands_vs_Czechia	8	10628929	10778929
0.1	France_Netherlands_vs_Czechia	8	11234664	11334664
0.1	France_Netherlands_vs_Czechia	8	11434664	11634664
0.1	France_Netherlands_vs_Czechia	8	12484664	12584664
0.1	France_Netherlands_vs_Czechia	8	12634664	12784664
0.1	France_Netherlands_vs_Czechia	8	13484664	13584664
0.1	France_Netherlands_vs_Czechia	9	1022961	1172961
0.1	France_Netherlands_vs_Czechia	9	5872961	5972961
0.1	France_Netherlands_vs_Czechia	Tmol_scf_18	5018	455018
0.1	France_Netherlands_vs_Czechia	Tmol_scf_23	114038	214038
0.1	France_Netherlands_vs_Czechia	Tmol_scf_35	5122	105122
0.1	France_Netherlands_vs_Czechia	Tmol_scf_46	998	100998
0.1	France_Netherlands_vs_Czechia	Tmol_scf_51	1579	101579
0.05	France_Netherlands_vs_Belgium2	1	11170238	11270238
0.05	France_Netherlands_vs_Belgium2	1	14020238	14170238
0.05	France_Netherlands_vs_Belgium2	1	14570238	14670238
0.05	France_Netherlands_vs_Belgium2	1	18820238	18970238
0.05	France_Netherlands_vs_Belgium2	1	19470238	19720238
0.05	France_Netherlands_vs_Belgium2	1	21820238	21920238
0.05	France_Netherlands_vs_Belgium2	1	23220238	23420238
0.05	France_Netherlands_vs_Belgium2	1	24420238	24920238
0.05	France_Netherlands_vs_Belgium2	1	28262429	28362429
0.05	France_Netherlands_vs_Belgium2	1	28562429	28712429
0.05	France_Netherlands_vs_Belgium2	1	28912429	29012429
0.05	France_Netherlands_vs_Belgium2	1	29162429	29312429
0.05	France_Netherlands_vs_Belgium2	1	29812429	29962429
0.05	France_Netherlands_vs_Belgium2	1	30162429	30412429
0.05	France_Netherlands_vs_Belgium2	1	30762429	30862429
0.05	France_Netherlands_vs_Belgium2	1	32412429	32562429
0.05	France_Netherlands_vs_Belgium2	10	6436996	6536996
0.05	France_Netherlands_vs_Belgium2	10	6686996	6786996
0.05	France_Netherlands_vs_Belgium2	10	9936996	10036996
0.05	France_Netherlands_vs_Belgium2	10	10636996	10736996
0.05	France_Netherlands_vs_Belgium2	10	10836996	10936996
0.05	France_Netherlands_vs_Belgium2	10	11236996	11336996
0.05	France_Netherlands_vs_Belgium2	2	7981045	8081045
0.05	France_Netherlands_vs_Belgium2	2	14031045	14131045
0.05	France_Netherlands_vs_Belgium2	2	14731045	14881045
0.05	France_Netherlands_vs_Belgium2	2	15031045	15131045
0.05	France_Netherlands_vs_Belgium2	2	18831045	18981045
0.05	France_Netherlands_vs_Belgium2	2	19031045	19231045
0.05	France_Netherlands_vs_Belgium2	2	22281045	22381045
0.05	France_Netherlands_vs_Belgium2	2	29431045	29531045
0.05	France_Netherlands_vs_Belgium2	2	30231045	30481045
0.05	France_Netherlands_vs_Belgium2	2	32931045	33031045
0.05	France_Netherlands_vs_Belgium2	3	10315254	10415254
0.05	France_Netherlands_vs_Belgium2	3	11965254	12065254
0.05	France_Netherlands_vs_Belgium2	3	13865254	14015254
0.05	France_Netherlands_vs_Belgium2	3	14365254	14565254
0.05	France_Netherlands_vs_Belgium2	3	15365254	15465254
0.05	France_Netherlands_vs_Belgium2	3	16615254	16715254
0.05	France_Netherlands_vs_Belgium2	3	21235837	21335837
0.05	France_Netherlands_vs_Belgium2	3	23535837	23685837
0.05	France_Netherlands_vs_Belgium2	3	23885837	23985837
0.05	France_Netherlands_vs_Belgium2	3	27335837	27435837
0.05	France_Netherlands_vs_Belgium2	4	3828305	4028305
0.05	France_Netherlands_vs_Belgium2	4	6228305	6378305
0.05	France_Netherlands_vs_Belgium2	4	8678305	8778305
0.05	France_Netherlands_vs_Belgium2	4	12702016	12952016
0.05	France_Netherlands_vs_Belgium2	4	14452016	14552016
0.05	France_Netherlands_vs_Belgium2	4	14652016	14752016
0.05	France_Netherlands_vs_Belgium2	4	22807904	22907904
0.05	France_Netherlands_vs_Belgium2	5	6706682	6856682
0.05	France_Netherlands_vs_Belgium2	5	19556682	19656682
0.05	France_Netherlands_vs_Belgium2	5	20856682	20956682
0.05	France_Netherlands_vs_Belgium2	5	21056682	21156682
0.05	France_Netherlands_vs_Belgium2	6	15748791	15848791
0.05	France_Netherlands_vs_Belgium2	6	18048791	18198791
0.05	France_Netherlands_vs_Belgium2	6	19548791	19648791
0.05	France_Netherlands_vs_Belgium2	7	20448655	20598655
0.05	France_Netherlands_vs_Belgium2	7	21348655	21498655
0.05	France_Netherlands_vs_Belgium2	8	9928929	10078929
0.05	France_Netherlands_vs_Belgium2	8	10378929	10478929
0.05	France_Netherlands_vs_Belgium2	8	10678929	10778929
0.05	France_Netherlands_vs_Belgium2	8	11234664	11634664
0.05	France_Netherlands_vs_Belgium2	8	12634664	12784664
0.05	France_Netherlands_vs_Belgium2	9	1122961	1222961
0.05	France_Netherlands_vs_Czechia	1	11070238	11270238
0.05	France_Netherlands_vs_Czechia	1	12270238	12420238
0.05	France_Netherlands_vs_Czechia	1	18720238	18870238
0.05	France_Netherlands_vs_Czechia	1	19220238	19320238
0.05	France_Netherlands_vs_Czechia	1	19470238	19770238
0.05	France_Netherlands_vs_Czechia	1	19820238	20020238
0.05	France_Netherlands_vs_Czechia	1	24670238	24770238
0.05	France_Netherlands_vs_Czechia	1	25912429	26012429
0.05	France_Netherlands_vs_Czechia	1	26062429	26262429
0.05	France_Netherlands_vs_Czechia	1	26462429	26912429
0.05	France_Netherlands_vs_Czechia	1	27062429	27262429
0.05	France_Netherlands_vs_Czechia	1	27312429	27412429
0.05	France_Netherlands_vs_Czechia	1	27462429	27762429
0.05	France_Netherlands_vs_Czechia	1	27862429	28212429
0.05	France_Netherlands_vs_Czechia	1	28262429	28562429
0.05	France_Netherlands_vs_Czechia	1	29112429	29362429
0.05	France_Netherlands_vs_Czechia	1	30712429	31012429
0.05	France_Netherlands_vs_Czechia	1	32462429	32562429
0.05	France_Netherlands_vs_Czechia	10	6686996	6786996
0.05	France_Netherlands_vs_Czechia	10	10686996	10936996
0.05	France_Netherlands_vs_Czechia	10	12286996	12386996
0.05	France_Netherlands_vs_Czechia	2	13181045	13281045
0.05	France_Netherlands_vs_Czechia	2	15031045	15131045
0.05	France_Netherlands_vs_Czechia	2	18831045	18981045
0.05	France_Netherlands_vs_Czechia	2	22281045	22381045
0.05	France_Netherlands_vs_Czechia	2	29381045	29531045
0.05	France_Netherlands_vs_Czechia	2	30381045	30531045
0.05	France_Netherlands_vs_Czechia	2	32931045	33031045
0.05	France_Netherlands_vs_Czechia	3	12015254	12115254
0.05	France_Netherlands_vs_Czechia	3	14365254	14465254
0.05	France_Netherlands_vs_Czechia	3	16615254	16765254
0.05	France_Netherlands_vs_Czechia	3	20185837	20285837
0.05	France_Netherlands_vs_Czechia	3	28285837	28385837
0.05	France_Netherlands_vs_Czechia	4	3928305	4028305
0.05	France_Netherlands_vs_Czechia	4	5028305	5128305
0.05	France_Netherlands_vs_Czechia	4	7578305	7678305
0.05	France_Netherlands_vs_Czechia	4	10152016	10352016
0.05	France_Netherlands_vs_Czechia	4	12802016	12952016
0.05	France_Netherlands_vs_Czechia	4	16773973	16873973
0.05	France_Netherlands_vs_Czechia	4	17423973	17523973
0.05	France_Netherlands_vs_Czechia	5	656682	756682
0.05	France_Netherlands_vs_Czechia	5	5256682	5356682
0.05	France_Netherlands_vs_Czechia	5	5406682	5506682
0.05	France_Netherlands_vs_Czechia	5	19656682	19756682
0.05	France_Netherlands_vs_Czechia	5	20206682	20306682
0.05	France_Netherlands_vs_Czechia	6	13898791	14048791
0.05	France_Netherlands_vs_Czechia	6	19548791	19648791
0.05	France_Netherlands_vs_Czechia	6	20048791	20148791
0.05	France_Netherlands_vs_Czechia	6	20298791	20398791
0.05	France_Netherlands_vs_Czechia	7	20448655	20548655
0.05	France_Netherlands_vs_Czechia	8	9928929	10028929
0.05	France_Netherlands_vs_Czechia	8	10628929	10778929
0.05	France_Netherlands_vs_Czechia	8	11434664	11634664
0.05	France_Netherlands_vs_Czechia	8	12484664	12584664
0.05	France_Netherlands_vs_Czechia	9	1022961	1172961
0.05	France_Netherlands_vs_Czechia	Tmol_scf_18	305018	455018
0.01	France_Netherlands_vs_Belgium2	1	11170238	11270238
0.01	France_Netherlands_vs_Belgium2	1	23270238	23420238
0.01	France_Netherlands_vs_Belgium2	1	24620238	24720238
0.01	France_Netherlands_vs_Belgium2	1	29162429	29312429
0.01	France_Netherlands_vs_Belgium2	1	29812429	29912429
0.01	France_Netherlands_vs_Belgium2	1	30212429	30312429
0.01	France_Netherlands_vs_Belgium2	10	10836996	10936996
0.01	France_Netherlands_vs_Belgium2	2	14031045	14131045
0.01	France_Netherlands_vs_Belgium2	4	3928305	4028305
0.01	France_Netherlands_vs_Belgium2	5	19556682	19656682
0.01	France_Netherlands_vs_Belgium2	5	21056682	21156682
0.01	France_Netherlands_vs_Belgium2	7	21348655	21448655
0.01	France_Netherlands_vs_Belgium2	8	10378929	10478929
0.01	France_Netherlands_vs_Belgium2	8	11234664	11384664
0.01	France_Netherlands_vs_Belgium2	8	11434664	11534664
0.01	France_Netherlands_vs_Belgium2	9	1122961	1222961
0.01	France_Netherlands_vs_Czechia	1	19220238	19320238
0.01	France_Netherlands_vs_Czechia	1	19620238	19720238
0.01	France_Netherlands_vs_Czechia	1	24670238	24770238
0.01	France_Netherlands_vs_Czechia	1	26762429	26862429
0.01	France_Netherlands_vs_Czechia	1	27462429	27612429
0.01	France_Netherlands_vs_Czechia	1	29112429	29212429
0.01	France_Netherlands_vs_Czechia	1	30712429	30812429
0.01	France_Netherlands_vs_Czechia	10	10836996	10936996
0.01	France_Netherlands_vs_Czechia	2	30381045	30481045
0.01	France_Netherlands_vs_Czechia	3	28285837	28385837
0.01	France_Netherlands_vs_Czechia	5	656682	756682
0.01	France_Netherlands_vs_Czechia	6	13898791	13998791
0.01	France_Netherlands_vs_Czechia	6	19548791	19648791
0.01	France_Netherlands_vs_Czechia	7	20448655	20548655
0.01	France_Netherlands_vs_Czechia	8	10678929	10778929
0.01	France_Netherlands_vs_Czechia	8	11434664	11584664
0.01	France_Netherlands_vs_Czechia	9	1072961	1172961
0.01	France_Netherlands_vs_Czechia	Tmol_scf_18	355018	455018
