comparison	chromosome	start	end
France_Netherlands_vs_Belgium2	2	81045	2581045
France_Netherlands_vs_Belgium2	2	2631045	33081045
France_Netherlands_vs_Belgium2	1	1	20520238
France_Netherlands_vs_Belgium2	1	20620238	48362429
France_Netherlands_vs_Belgium2	5	6682	5356682
France_Netherlands_vs_Belgium2	5	5406682	25806682
France_Netherlands_vs_Belgium2	6	198791	7298791
France_Netherlands_vs_Belgium2	6	7348791	22648791
France_Netherlands_vs_Belgium2	7	48655	21898655
France_Netherlands_vs_Belgium2	3	15254	10865254
France_Netherlands_vs_Belgium2	3	11015254	11165254
France_Netherlands_vs_Belgium2	3	11765254	18015254
France_Netherlands_vs_Belgium2	3	18235837	31035837
France_Netherlands_vs_Belgium2	9	22961	2072961
France_Netherlands_vs_Belgium2	9	3072961	16972961
France_Netherlands_vs_Belgium2	9	16974366	19624366
France_Netherlands_vs_Belgium2	10	36996	12536996
France_Netherlands_vs_Belgium2	10	13086996	13336996
France_Netherlands_vs_Belgium2	8	2746	5128929
France_Netherlands_vs_Belgium2	8	5278929	10978929
France_Netherlands_vs_Belgium2	8	11234664	13584664
France_Netherlands_vs_Belgium2	8	13684664	17384664
France_Netherlands_vs_Belgium2	8	17784664	18084664
France_Netherlands_vs_Belgium2	8	18184664	20084664
France_Netherlands_vs_Belgium2	4	78305	4078305
France_Netherlands_vs_Belgium2	4	4128305	8478305
France_Netherlands_vs_Belgium2	4	8678305	8978305
France_Netherlands_vs_Belgium2	4	9028305	9178305
France_Netherlands_vs_Belgium2	4	9278305	12402016
France_Netherlands_vs_Belgium2	4	12552016	15502016
France_Netherlands_vs_Belgium2	4	15603280	20873973
France_Netherlands_vs_Belgium2	4	20923973	21623973
France_Netherlands_vs_Belgium2	4	21673973	21923973
France_Netherlands_vs_Belgium2	4	22057904	22907904
France_Netherlands_vs_Belgium2	4	23464431	24864431
France_Netherlands_vs_Belgium2	4	24964431	29814431
France_Netherlands_vs_Belgium2	Tmol_scf_18	5018	455018
France_Netherlands_vs_Belgium2	Tmol_scf_23	64038	214038
France_Netherlands_vs_Belgium2	Tmol_scf_30	206397	356397
France_Netherlands_vs_Belgium2	Tmol_scf_35	5122	255122
France_Netherlands_vs_Belgium2	Tmol_scf_46	998	200998
France_Netherlands_vs_Belgium2	Tmol_scf_51	1579	101579
