introgression_region_id	selection_region_id	chromosome	overlap_start	overlap_end	overlap_bp
FDM5pct_Canada_Belgium2_1_R0001	D5_00487	1	13987536	13997535	10000
FDM5pct_Canada_Belgium2_1_R0001	D5_00488	1	14007536	14017535	10000
FDM5pct_Canada_Belgium2_1_R0002	D5_00497	1	16127536	16137535	10000
FDM5pct_Canada_Belgium2_1_R0002	D5_00498	1	16187536	16197535	10000
FDM5pct_Canada_Belgium2_1_R0004	D5_00499	1	16707536	16717535	10000
FDM5pct_Canada_Belgium2_1_R0006	D5_00523	1	24537536	24547535	10000
FDM5pct_Canada_Belgium2_1_R0006	D5_00524	1	24757536	24787535	30000
FDM5pct_Canada_Belgium2_1_R0006	D5_00525	1	24947536	24957535	10000
FDM5pct_Canada_Belgium2_1_R0006	D5_00526	1	24977536	24987535	10000
FDM5pct_Canada_Belgium2_1_R0006	D5_00527	1	25037536	25047535	10000
FDM5pct_Canada_Belgium2_1_R0006	D5_00528	1	25107536	25117535	10000
FDM5pct_Canada_Belgium2_1_R0006	D5_00529	1	25157536	25167535	10000
FDM5pct_Canada_Belgium2_1_R0007	D5_00531	1	25397536	25407535	10000
FDM5pct_Canada_Belgium2_1_R0007	D5_00532	1	25437536	25447535	10000
FDM5pct_Canada_Belgium2_1_R0009	D5_00538	1	26278102	26293101	15000
FDM5pct_Canada_Belgium2_1_R0009	D5_00539	1	26328102	26338101	10000
FDM5pct_Canada_Belgium2_1_R0011	D5_00545	1	27343102	27383101	40000
FDM5pct_Canada_Belgium2_1_R0011	D5_00546	1	27388102	27398101	10000
FDM5pct_Canada_Belgium2_1_R0011	D5_00547	1	27498102	27508101	10000
FDM5pct_Canada_Belgium2_1_R0011	D5_00548	1	27608102	27618101	10000
FDM5pct_Canada_Belgium2_1_R0013	D5_00549	1	29263102	29273101	10000
FDM5pct_Canada_Belgium2_1_R0013	D5_00550	1	29283102	29323101	40000
FDM5pct_Canada_Belgium2_1_R0013	D5_00551	1	29338102	29348101	10000
FDM5pct_Canada_Belgium2_1_R0014	D5_00555	1	29578102	29588101	10000
FDM5pct_Canada_Belgium2_1_R0016	D5_00558	1	30478102	30498101	20000
FDM5pct_Canada_Belgium2_1_R0016	D5_00559	1	30518102	30538101	20000
FDM5pct_Canada_Belgium2_1_R0016	D5_00560	1	30558102	30562429	4328
FDM5pct_Canada_Belgium2_1_R0017	D5_00584	1	32828102	32838101	10000
FDM5pct_Canada_Belgium2_1_R0017	D5_00585	1	33018102	33028101	10000
FDM5pct_Canada_Belgium2_5_R0018	D5_00785	5	25000	34999	10000
FDM5pct_Canada_Belgium2_8_R0021	D5_00880	8	9963615	9973614	10000
FDM5pct_Canada_Belgium2_8_R0021	D5_00881	8	10083615	10093614	10000
FDM5pct_Canada_Belgium2_8_R0021	D5_00882	8	10138615	10158614	20000
FDM5pct_Canada_Belgium2_8_R0021	D5_00883	8	10283615	10293614	10000
FDM5pct_Canada_Belgium2_4_R0024	D5_00754	4	10528144	10538143	10000
FDM5pct_Canada_Belgium2_4_R0024	D5_00755	4	10668144	10678143	10000
FDM5pct_Canada_Belgium2_4_R0025	D5_00756	4	11008144	11018143	10000
FDM5pct_Canada_Belgium2_6_R0033	D5_00842	6	21665000	21674999	10000
FDM5pct_Canada_Belgium2_6_R0034	D5_00844	6	22335000	22344999	10000
FDM5pct_Canada_Belgium2_6_R0034	D5_00845	6	22495000	22504999	10000
FDM5pct_Canada_Belgium2_6_R0034	D5_00846	6	22515000	22544999	30000
FDM5pct_Canada_Belgium2_7_R0035	D5_00866	7	19885000	19898655	13656
FDM5pct_Canada_Belgium2_7_R0036	D5_00869	7	20148655	20149999	1345
FDM5pct_Canada_Belgium2_7_R0037	D5_00872	7	20530000	20548655	18656
FDM5pct_Canada_Belgium2_3_R0042	D5_00724	3	21738622	21758621	20000
FDM5pct_France_Netherlands_vs_Belgium2_2_R0046	D5_00634	2	14055000	14074999	20000
FDM5pct_France_Netherlands_vs_Belgium2_2_R0052	D5_00653	2	29525000	29531045	6046
FDM5pct_France_Netherlands_vs_Belgium2_2_R0053	D5_00655	2	30235000	30244999	10000
FDM5pct_France_Netherlands_vs_Belgium2_2_R0053	D5_00656	2	30255000	30264999	10000
FDM5pct_France_Netherlands_vs_Belgium2_1_R0057	D5_00491	1	14587536	14597535	10000
FDM5pct_France_Netherlands_vs_Belgium2_1_R0057	D5_00492	1	14617536	14647535	30000
FDM5pct_France_Netherlands_vs_Belgium2_1_R0059	D5_00508	1	19597536	19607535	10000
FDM5pct_France_Netherlands_vs_Belgium2_1_R0059	D5_00509	1	19717536	19720238	2703
FDM5pct_France_Netherlands_vs_Belgium2_1_R0061	D5_00512	1	23317536	23327535	10000
FDM5pct_France_Netherlands_vs_Belgium2_1_R0062	D5_00522	1	24497536	24507535	10000
FDM5pct_France_Netherlands_vs_Belgium2_1_R0062	D5_00523	1	24537536	24547535	10000
FDM5pct_France_Netherlands_vs_Belgium2_1_R0062	D5_00524	1	24757536	24787535	30000
FDM5pct_France_Netherlands_vs_Belgium2_1_R0066	D5_00549	1	29263102	29273101	10000
FDM5pct_France_Netherlands_vs_Belgium2_1_R0066	D5_00550	1	29283102	29312429	29328
FDM5pct_France_Netherlands_vs_Belgium2_1_R0069	D5_00566	1	30848102	30862429	14328
FDM5pct_France_Netherlands_vs_Belgium2_1_R0070	D5_00579	1	32458102	32468101	10000
FDM5pct_France_Netherlands_vs_Belgium2_1_R0070	D5_00580	1	32478102	32488101	10000
FDM5pct_France_Netherlands_vs_Belgium2_1_R0070	D5_00581	1	32528102	32548101	20000
FDM5pct_France_Netherlands_vs_Belgium2_7_R0075	D5_00872	7	20530000	20549999	20000
FDM5pct_France_Netherlands_vs_Belgium2_10_R0079	D5_00602	10	6735000	6744999	10000
FDM5pct_France_Netherlands_vs_Belgium2_8_R0084	D5_00880	8	9963615	9973614	10000
FDM5pct_France_Netherlands_vs_Belgium2_8_R0086	D5_00884	8	10763615	10778929	15315
FDM5pct_France_Netherlands_vs_Belgium2_4_R0094	D5_00764	4	14658144	14668143	10000
FDM5pct_France_Netherlands_vs_Belgium2_4_R0095	D5_00780	4	22848801	22858800	10000
FDM5pct_France_Netherlands_vs_Belgium2_6_R0097	D5_00831	6	18065000	18074999	10000
FDM5pct_France_Netherlands_vs_Belgium2_6_R0097	D5_00832	6	18095000	18104999	10000
FDM5pct_France_Netherlands_vs_Belgium2_6_R0098	D5_00833	6	19575000	19584999	10000
FDM5pct_France_Netherlands_vs_Belgium2_3_R0100	D5_00683	3	11970000	11999999	30000
FDM5pct_France_Netherlands_vs_Belgium2_3_R0100	D5_00684	3	12005000	12024999	20000
FDM5pct_France_Netherlands_vs_Belgium2_3_R0102	D5_00693	3	14365254	14489999	124746
FDM5pct_France_Netherlands_vs_Belgium2_3_R0102	D5_00694	3	14495000	14514999	20000
FDM5pct_France_Netherlands_vs_Belgium2_3_R0104	D5_00706	3	16655000	16664999	10000
FDM5pct_France_Netherlands_vs_Belgium2_3_R0104	D5_00707	3	16695000	16715254	20255
FDM5pct_France_Netherlands_vs_Czechia_2_R0113	D5_00653	2	29525000	29531045	6046
FDM5pct_France_Netherlands_vs_Czechia_1_R0120	D5_00508	1	19597536	19607535	10000
FDM5pct_France_Netherlands_vs_Czechia_1_R0120	D5_00509	1	19717536	19727535	10000
FDM5pct_France_Netherlands_vs_Czechia_1_R0122	D5_00524	1	24757536	24770238	12703
FDM5pct_France_Netherlands_vs_Czechia_1_R0124	D5_00535	1	26062429	26068101	5673
FDM5pct_France_Netherlands_vs_Czechia_1_R0124	D5_00536	1	26098102	26108101	10000
FDM5pct_France_Netherlands_vs_Czechia_1_R0124	D5_00537	1	26158102	26168101	10000
FDM5pct_France_Netherlands_vs_Czechia_1_R0125	D5_00540	1	26668102	26678101	10000
FDM5pct_France_Netherlands_vs_Czechia_1_R0125	D5_00541	1	26698102	26708101	10000
FDM5pct_France_Netherlands_vs_Czechia_1_R0125	D5_00542	1	26718102	26728101	10000
FDM5pct_France_Netherlands_vs_Czechia_1_R0125	D5_00543	1	26738102	26748101	10000
FDM5pct_France_Netherlands_vs_Czechia_1_R0125	D5_00544	1	26848102	26858101	10000
FDM5pct_France_Netherlands_vs_Czechia_1_R0127	D5_00545	1	27343102	27383101	40000
FDM5pct_France_Netherlands_vs_Czechia_1_R0127	D5_00546	1	27388102	27398101	10000
FDM5pct_France_Netherlands_vs_Czechia_1_R0128	D5_00547	1	27498102	27508101	10000
FDM5pct_France_Netherlands_vs_Czechia_1_R0128	D5_00548	1	27608102	27618101	10000
FDM5pct_France_Netherlands_vs_Czechia_1_R0131	D5_00549	1	29263102	29273101	10000
FDM5pct_France_Netherlands_vs_Czechia_1_R0131	D5_00550	1	29283102	29323101	40000
FDM5pct_France_Netherlands_vs_Czechia_1_R0131	D5_00551	1	29338102	29348101	10000
FDM5pct_France_Netherlands_vs_Czechia_1_R0132	D5_00564	1	30712429	30738101	25673
FDM5pct_France_Netherlands_vs_Czechia_1_R0132	D5_00565	1	30748102	30758101	10000
FDM5pct_France_Netherlands_vs_Czechia_1_R0132	D5_00566	1	30848102	30878101	30000
FDM5pct_France_Netherlands_vs_Czechia_1_R0132	D5_00567	1	30928102	30948101	20000
FDM5pct_France_Netherlands_vs_Czechia_1_R0133	D5_00579	1	32462429	32468101	5673
FDM5pct_France_Netherlands_vs_Czechia_1_R0133	D5_00580	1	32478102	32488101	10000
FDM5pct_France_Netherlands_vs_Czechia_1_R0133	D5_00581	1	32528102	32548101	20000
FDM5pct_France_Netherlands_vs_Czechia_6_R0139	D5_00829	6	13898791	13914999	16209
FDM5pct_France_Netherlands_vs_Czechia_6_R0140	D5_00833	6	19575000	19584999	10000
FDM5pct_France_Netherlands_vs_Czechia_6_R0141	D5_00836	6	20085000	20104999	20000
FDM5pct_France_Netherlands_vs_Czechia_6_R0141	D5_00837	6	20125000	20134999	10000
FDM5pct_France_Netherlands_vs_Czechia_6_R0142	D5_00839	6	20395000	20398791	3792
FDM5pct_France_Netherlands_vs_Czechia_7_R0143	D5_00872	7	20530000	20548655	18656
FDM5pct_France_Netherlands_vs_Czechia_10_R0145	D5_00602	10	6735000	6744999	10000
FDM5pct_France_Netherlands_vs_Czechia_10_R0146	D5_00604	10	10775000	10784999	10000
FDM5pct_France_Netherlands_vs_Czechia_10_R0147	D5_00606	10	12355000	12364999	10000
FDM5pct_France_Netherlands_vs_Czechia_3_R0148	D5_00684	3	12015254	12024999	9746
FDM5pct_France_Netherlands_vs_Czechia_3_R0149	D5_00693	3	14365254	14465254	100001
FDM5pct_France_Netherlands_vs_Czechia_3_R0150	D5_00706	3	16655000	16664999	10000
FDM5pct_France_Netherlands_vs_Czechia_3_R0150	D5_00707	3	16695000	16744999	50000
FDM5pct_France_Netherlands_vs_Czechia_3_R0151	D5_00720	3	20218622	20238621	20000
FDM5pct_France_Netherlands_vs_Czechia_3_R0151	D5_00721	3	20268622	20278621	10000
FDM5pct_France_Netherlands_vs_Czechia_3_R0152	D5_00738	3	28328622	28338621	10000
FDM5pct_France_Netherlands_vs_Czechia_8_R0153	D5_00880	8	9963615	9973614	10000
FDM5pct_France_Netherlands_vs_Czechia_8_R0154	D5_00884	8	10763615	10778929	15315
FDM5pct_France_Netherlands_vs_Czechia_8_R0156	D5_00888	8	12484664	12492041	7378
FDM5pct_France_Netherlands_vs_Czechia_8_R0156	D5_00889	8	12512042	12522041	10000
FDM5pct_France_Netherlands_vs_Czechia_8_R0156	D5_00890	8	12527042	12537041	10000
FDM5pct_France_Netherlands_vs_Czechia_8_R0156	D5_00891	8	12547042	12572041	25000
