selection_region_id	chromosome	start	end	n_component_farm_windows	n_serbia_spatial50_component_windows	exclude_from_farm_specific	maximum_serbia_overlap_fraction
D5pct_farmed_only_1_R00001	1	1257536	1267535	1	0	False	0.0
D5pct_farmed_only_1_R00002	1	1277536	1287535	1	0	False	0.0
D5pct_farmed_only_1_R00003	1	3327536	3337535	1	0	False	0.0
D5pct_farmed_only_1_R00004	1	4087536	4097535	1	0	False	0.0
D5pct_farmed_only_1_R00005	1	5247536	5257535	1	0	False	0.0
D5pct_farmed_only_1_R00006	1	9207536	9217535	1	0	False	0.0
D5pct_farmed_only_1_R00007	1	9387536	9397535	1	0	False	0.0
D5pct_farmed_only_1_R00008	1	10057536	10067535	1	0	False	0.0
D5pct_farmed_only_1_R00009	1	10767536	10777535	1	0	False	0.0
D5pct_farmed_only_1_R00010	1	10807536	10817535	1	0	False	0.0
D5pct_farmed_only_1_R00011	1	11157536	11182535	4	0	False	0.0
D5pct_farmed_only_1_R00012	1	13127536	13137535	1	0	False	0.0
D5pct_farmed_only_1_R00013	1	13617536	13627535	1	0	False	0.0
D5pct_farmed_only_1_R00014	1	13987536	13997535	1	0	False	0.0
D5pct_farmed_only_1_R00015	1	14007536	14017535	1	0	False	0.0
D5pct_farmed_only_1_R00016	1	14427536	14437535	1	0	False	0.0
D5pct_farmed_only_1_R00017	1	14467536	14477535	1	0	False	0.0
D5pct_farmed_only_1_R00018	1	14507536	14517535	1	0	False	0.0
D5pct_farmed_only_1_R00019	1	14587536	14597535	1	0	False	0.0
D5pct_farmed_only_1_R00020	1	14617536	14647535	3	0	False	0.0
D5pct_farmed_only_1_R00021	1	14817536	14827535	1	0	False	0.0
D5pct_farmed_only_1_R00022	1	14947536	14957535	1	0	False	0.0
D5pct_farmed_only_1_R00023	1	15187536	15197535	1	0	False	0.0
D5pct_farmed_only_1_R00024	1	15287536	15372535	9	7	True	0.5
D5pct_farmed_only_1_R00025	1	15747536	15757535	1	0	False	0.0
D5pct_farmed_only_1_R00026	1	16127536	16137535	1	0	False	0.0
D5pct_farmed_only_1_R00027	1	16187536	16197535	1	0	False	0.0
D5pct_farmed_only_1_R00028	1	16417536	16682535	47	2	True	0.5
D5pct_farmed_only_1_R00029	1	16707536	16717535	1	0	False	0.0
D5pct_farmed_only_1_R00030	1	16997536	17007535	1	0	False	0.0
D5pct_farmed_only_1_R00031	1	17297536	17307535	1	0	False	0.0
D5pct_farmed_only_1_R00032	1	17947536	17957535	1	0	False	0.0
D5pct_farmed_only_1_R00033	1	18517536	18527535	1	0	False	0.0
D5pct_farmed_only_1_R00034	1	18557536	18567535	1	0	False	0.0
D5pct_farmed_only_1_R00035	1	18577536	18587535	1	0	False	0.0
D5pct_farmed_only_1_R00036	1	18722536	18872535	17	2	True	0.5
D5pct_farmed_only_1_R00037	1	19012536	19352535	47	9	True	0.5
D5pct_farmed_only_1_R00038	1	19387536	19417535	3	0	False	0.0
D5pct_farmed_only_1_R00039	1	19597536	19607535	1	0	False	0.0
D5pct_farmed_only_1_R00040	1	19717536	19727535	1	0	False	0.0
D5pct_farmed_only_1_R00041	1	20917536	20932535	2	1	True	0.5
D5pct_farmed_only_1_R00042	1	20942536	20952535	1	1	True	0.5
D5pct_farmed_only_1_R00043	1	22067536	22077535	1	0	False	0.0
D5pct_farmed_only_1_R00044	1	22777536	22787535	1	0	False	0.0
D5pct_farmed_only_1_R00045	1	22897536	22907535	1	0	False	0.0
D5pct_farmed_only_1_R00046	1	23317536	23327535	1	0	False	0.0
D5pct_farmed_only_1_R00047	1	23727536	23737535	1	0	False	0.0
D5pct_farmed_only_1_R00048	1	23857536	23877535	2	0	False	0.0
D5pct_farmed_only_1_R00049	1	23897536	23907535	1	0	False	0.0
D5pct_farmed_only_1_R00050	1	24027536	24037535	1	0	False	0.0
D5pct_farmed_only_1_R00051	1	24142536	24162535	2	0	False	0.0
D5pct_farmed_only_1_R00052	1	24167536	24182535	2	0	False	0.0
D5pct_farmed_only_1_R00053	1	24217536	24227535	1	0	False	0.0
D5pct_farmed_only_1_R00054	1	24267536	24277535	1	0	False	0.0
D5pct_farmed_only_1_R00055	1	24297536	24307535	1	0	False	0.0
D5pct_farmed_only_1_R00056	1	24497536	24507535	1	0	False	0.0
D5pct_farmed_only_1_R00057	1	24537536	24547535	1	0	False	0.0
D5pct_farmed_only_1_R00058	1	24757536	24787535	3	0	False	0.0
D5pct_farmed_only_1_R00059	1	24947536	24957535	1	0	False	0.0
D5pct_farmed_only_1_R00060	1	24977536	24987535	1	0	False	0.0
D5pct_farmed_only_1_R00061	1	25037536	25047535	1	0	False	0.0
D5pct_farmed_only_1_R00062	1	25107536	25117535	1	0	False	0.0
D5pct_farmed_only_1_R00063	1	25157536	25167535	1	0	False	0.0
D5pct_farmed_only_1_R00064	1	25307536	25317535	1	0	False	0.0
D5pct_farmed_only_1_R00065	1	25397536	25407535	1	0	False	0.0
D5pct_farmed_only_1_R00066	1	25437536	25447535	1	0	False	0.0
D5pct_farmed_only_1_R00067	1	25597536	25607535	1	0	False	0.0
D5pct_farmed_only_1_R00068	1	25857536	25867535	1	0	False	0.0
D5pct_farmed_only_1_R00069	1	26058102	26068101	1	0	False	0.0
D5pct_farmed_only_1_R00070	1	26098102	26108101	1	0	False	0.0
D5pct_farmed_only_1_R00071	1	26158102	26168101	1	0	False	0.0
D5pct_farmed_only_1_R00072	1	26278102	26293101	2	0	False	0.0
D5pct_farmed_only_1_R00073	1	26328102	26338101	1	0	False	0.0
D5pct_farmed_only_1_R00074	1	26498102	26508101	1	0	False	0.0
D5pct_farmed_only_1_R00075	1	26668102	26678101	1	0	False	0.0
D5pct_farmed_only_1_R00076	1	26698102	26708101	1	0	False	0.0
D5pct_farmed_only_1_R00077	1	26718102	26728101	1	0	False	0.0
D5pct_farmed_only_1_R00078	1	26738102	26748101	1	0	False	0.0
D5pct_farmed_only_1_R00079	1	26848102	26858101	1	0	False	0.0
D5pct_farmed_only_1_R00080	1	26888102	26898101	1	0	False	0.0
D5pct_farmed_only_1_R00081	1	27343102	27383101	4	0	False	0.0
D5pct_farmed_only_1_R00082	1	27388102	27398101	1	0	False	0.0
D5pct_farmed_only_1_R00083	1	27498102	27508101	1	0	False	0.0
D5pct_farmed_only_1_R00084	1	27608102	27618101	1	0	False	0.0
D5pct_farmed_only_1_R00085	1	28118102	28128101	1	0	False	0.0
D5pct_farmed_only_1_R00086	1	29263102	29273101	1	0	False	0.0
D5pct_farmed_only_1_R00087	1	29283102	29323101	5	0	False	0.0
D5pct_farmed_only_1_R00088	1	29338102	29348101	1	0	False	0.0
D5pct_farmed_only_1_R00089	1	29398102	29418101	2	0	False	0.0
D5pct_farmed_only_1_R00090	1	29428102	29458101	3	0	False	0.0
D5pct_farmed_only_1_R00091	1	29468102	29488101	2	0	False	0.0
D5pct_farmed_only_1_R00092	1	29578102	29588101	1	0	False	0.0
D5pct_farmed_only_1_R00093	1	29688102	29698101	1	0	False	0.0
D5pct_farmed_only_1_R00094	1	29708102	29718101	1	0	False	0.0
D5pct_farmed_only_1_R00095	1	29728102	29893101	25	4	True	0.5
D5pct_farmed_only_1_R00096	1	29923102	30393101	71	5	True	0.5
D5pct_farmed_only_1_R00097	1	30478102	30498101	2	0	False	0.0
D5pct_farmed_only_1_R00098	1	30518102	30538101	2	0	False	0.0
D5pct_farmed_only_1_R00099	1	30558102	30578101	2	0	False	0.0
D5pct_farmed_only_1_R00100	1	30588102	30618101	3	0	False	0.0
D5pct_farmed_only_1_R00101	1	30648102	30658101	1	0	False	0.0
D5pct_farmed_only_1_R00102	1	30678102	30688101	1	0	False	0.0
D5pct_farmed_only_1_R00103	1	30708102	30738101	3	0	False	0.0
D5pct_farmed_only_1_R00104	1	30748102	30758101	1	0	False	0.0
D5pct_farmed_only_1_R00105	1	30848102	30878101	3	0	False	0.0
D5pct_farmed_only_1_R00106	1	30928102	30948101	2	0	False	0.0
D5pct_farmed_only_1_R00107	1	31438102	31448101	1	0	False	0.0
D5pct_farmed_only_1_R00108	1	31483102	31493101	1	0	False	0.0
D5pct_farmed_only_1_R00109	1	31593102	31643101	6	0	False	0.0
D5pct_farmed_only_1_R00110	1	31868102	31878101	1	0	False	0.0
D5pct_farmed_only_1_R00111	1	31913102	31923101	1	0	False	0.0
D5pct_farmed_only_1_R00112	1	31948102	31963101	2	1	True	0.5
D5pct_farmed_only_1_R00113	1	31978102	31988101	1	0	False	0.0
D5pct_farmed_only_1_R00114	1	32023102	32048101	4	0	False	0.0
D5pct_farmed_only_1_R00115	1	32063102	32093101	3	1	True	0.5
D5pct_farmed_only_1_R00116	1	32103102	32113101	1	1	True	0.5
D5pct_farmed_only_1_R00117	1	32128102	32138101	1	0	False	0.0
D5pct_farmed_only_1_R00118	1	32168102	32178101	1	0	False	0.0
D5pct_farmed_only_1_R00119	1	32198102	32208101	1	0	False	0.0
D5pct_farmed_only_1_R00120	1	32368102	32378101	1	0	False	0.0
D5pct_farmed_only_1_R00121	1	32458102	32468101	1	0	False	0.0
D5pct_farmed_only_1_R00122	1	32478102	32488101	1	0	False	0.0
D5pct_farmed_only_1_R00123	1	32528102	32548101	2	0	False	0.0
D5pct_farmed_only_1_R00124	1	32678102	32688101	1	0	False	0.0
D5pct_farmed_only_1_R00125	1	32708102	32718101	1	0	False	0.0
D5pct_farmed_only_1_R00126	1	32828102	32838101	1	0	False	0.0
D5pct_farmed_only_1_R00127	1	33018102	33028101	1	0	False	0.0
D5pct_farmed_only_1_R00128	1	35018102	35028101	1	0	False	0.0
D5pct_farmed_only_1_R00129	1	35408102	35418101	1	0	False	0.0
D5pct_farmed_only_1_R00130	1	36448102	36458101	1	0	False	0.0
D5pct_farmed_only_1_R00131	1	36548102	36558101	1	0	False	0.0
D5pct_farmed_only_1_R00132	1	37378102	37388101	1	0	False	0.0
D5pct_farmed_only_1_R00133	1	39968102	39978101	1	0	False	0.0
D5pct_farmed_only_1_R00134	1	43998102	44008101	1	0	False	0.0
D5pct_farmed_only_1_R00135	1	44368102	44378101	1	0	False	0.0
D5pct_farmed_only_1_R00136	1	45058102	45068101	1	0	False	0.0
D5pct_farmed_only_1_R00137	1	45098102	45108101	1	0	False	0.0
D5pct_farmed_only_1_R00138	1	45668102	45678101	1	0	False	0.0
D5pct_farmed_only_1_R00139	1	47488102	47498101	1	0	False	0.0
D5pct_farmed_only_1_R00140	1	47503102	47518101	2	1	True	0.5
D5pct_farmed_only_10_R00221	10	5000	14999	1	0	False	0.0
D5pct_farmed_only_10_R00222	10	685000	694999	1	0	False	0.0
D5pct_farmed_only_10_R00223	10	705000	714999	1	0	False	0.0
D5pct_farmed_only_10_R00224	10	1325000	1334999	1	0	False	0.0
D5pct_farmed_only_10_R00225	10	5915000	5924999	1	0	False	0.0
D5pct_farmed_only_10_R00226	10	6545000	6614999	7	0	False	0.0
D5pct_farmed_only_10_R00227	10	6735000	6744999	1	0	False	0.0
D5pct_farmed_only_10_R00228	10	9655000	9684999	3	0	False	0.0
D5pct_farmed_only_10_R00229	10	10775000	10784999	1	0	False	0.0
D5pct_farmed_only_10_R00230	10	11955000	11964999	1	0	False	0.0
D5pct_farmed_only_10_R00231	10	12135000	12154999	2	0	False	0.0
D5pct_farmed_only_10_R00232	10	12165000	12194999	3	0	False	0.0
D5pct_farmed_only_10_R00233	10	12215000	12224999	1	0	False	0.0
D5pct_farmed_only_10_R00234	10	12355000	12364999	1	0	False	0.0
D5pct_farmed_only_10_R00235	10	12415000	12424999	1	0	False	0.0
D5pct_farmed_only_10_R00236	10	12475000	12484999	1	0	False	0.0
D5pct_farmed_only_10_R00237	10	12555000	12564999	1	0	False	0.0
D5pct_farmed_only_10_R00238	10	12575000	12584999	1	0	False	0.0
D5pct_farmed_only_10_R00239	10	12645000	12654999	1	0	False	0.0
D5pct_farmed_only_10_R00240	10	12660000	13169999	66	16	True	0.5
D5pct_farmed_only_10_R00241	10	13185000	13194999	1	0	False	0.0
D5pct_farmed_only_10_R00242	10	13280000	13549999	31	12	True	0.5
D5pct_farmed_only_10_R00243	10	13555000	13564999	1	0	False	0.0
D5pct_farmed_only_10_R00244	10	13605000	13614999	1	0	False	0.0
D5pct_farmed_only_10_R00245	10	13665000	13769999	13	2	True	0.5
D5pct_farmed_only_10_R00246	10	13820000	13939999	16	3	True	0.5
D5pct_farmed_only_10_R00247	10	13955000	14129999	22	10	True	0.5
D5pct_farmed_only_10_R00248	10	14225000	14234999	1	0	False	0.0
D5pct_farmed_only_10_R00249	10	14315000	14334999	2	0	False	0.0
D5pct_farmed_only_10_R00250	10	14345000	14354999	1	0	False	0.0
D5pct_farmed_only_10_R00251	10	14365000	14374999	1	0	False	0.0
D5pct_farmed_only_10_R00252	10	14380000	14439999	8	2	True	0.5
D5pct_farmed_only_10_R00253	10	14475000	14484999	1	0	False	0.0
D5pct_farmed_only_10_R00254	10	14505000	14514999	1	0	False	0.0
D5pct_farmed_only_10_R00255	10	14525000	14534999	1	0	False	0.0
D5pct_farmed_only_10_R00256	10	14615000	14624999	1	0	False	0.0
D5pct_farmed_only_10_R00257	10	14655000	14664999	1	0	False	0.0
D5pct_farmed_only_10_R00258	10	14840000	14939999	14	5	True	0.5
D5pct_farmed_only_10_R00259	10	14965000	14984999	2	0	False	0.0
D5pct_farmed_only_10_R00260	10	14990000	15094999	14	6	True	0.5
D5pct_farmed_only_10_R00261	10	15215000	15224999	1	0	False	0.0
D5pct_farmed_only_10_R00262	10	15250000	15269999	2	2	True	0.5
D5pct_farmed_only_10_R00263	10	15355000	15364999	1	0	False	0.0
D5pct_farmed_only_10_R00264	10	15415000	15424999	1	0	False	0.0
D5pct_farmed_only_10_R00265	10	15435000	15444999	1	0	False	0.0
D5pct_farmed_only_10_R00266	10	15450000	15459999	1	0	False	0.0
D5pct_farmed_only_10_R00267	10	15535000	15544999	1	0	False	0.0
D5pct_farmed_only_10_R00268	10	15645000	15654999	1	0	False	0.0
D5pct_farmed_only_10_R00269	10	15665000	15674999	1	0	False	0.0
D5pct_farmed_only_10_R00270	10	15695000	15714999	2	0	False	0.0
D5pct_farmed_only_10_R00271	10	15720000	15749999	3	2	True	0.5
D5pct_farmed_only_2_R00361	2	50000	109999	8	3	True	0.5
D5pct_farmed_only_2_R00362	2	2665000	2674999	1	0	False	0.0
D5pct_farmed_only_2_R00363	2	4685000	4694999	1	0	False	0.0
D5pct_farmed_only_2_R00364	2	5785000	5794999	1	0	False	0.0
D5pct_farmed_only_2_R00365	2	5835000	5844999	1	0	False	0.0
D5pct_farmed_only_2_R00366	2	7005000	7014999	1	0	False	0.0
D5pct_farmed_only_2_R00367	2	7035000	7074999	4	0	False	0.0
D5pct_farmed_only_2_R00368	2	7095000	7114999	2	0	False	0.0
D5pct_farmed_only_2_R00369	2	7125000	7134999	1	0	False	0.0
D5pct_farmed_only_2_R00370	2	7145000	7174999	3	0	False	0.0
D5pct_farmed_only_2_R00371	2	7185000	7194999	1	0	False	0.0
D5pct_farmed_only_2_R00372	2	7205000	7214999	1	0	False	0.0
D5pct_farmed_only_2_R00373	2	7235000	7244999	1	0	False	0.0
D5pct_farmed_only_2_R00374	2	14055000	14074999	2	0	False	0.0
D5pct_farmed_only_2_R00375	2	15635000	15644999	1	0	False	0.0
D5pct_farmed_only_2_R00376	2	15670000	15679999	1	0	False	0.0
D5pct_farmed_only_2_R00377	2	15805000	15814999	1	0	False	0.0
D5pct_farmed_only_2_R00378	2	16045000	16054999	1	0	False	0.0
D5pct_farmed_only_2_R00379	2	16725000	16734999	1	0	False	0.0
D5pct_farmed_only_2_R00380	2	16965000	16974999	1	0	False	0.0
D5pct_farmed_only_2_R00381	2	16990000	17009999	3	0	False	0.0
D5pct_farmed_only_2_R00382	2	17085000	17094999	1	0	False	0.0
D5pct_farmed_only_2_R00383	2	17185000	17194999	1	0	False	0.0
D5pct_farmed_only_2_R00384	2	19585000	19594999	1	0	False	0.0
D5pct_farmed_only_2_R00385	2	19975000	19984999	1	0	False	0.0
D5pct_farmed_only_2_R00386	2	21035000	21044999	1	0	False	0.0
D5pct_farmed_only_2_R00387	2	21425000	21434999	1	0	False	0.0
D5pct_farmed_only_2_R00388	2	21795000	21844999	5	0	False	0.0
D5pct_farmed_only_2_R00389	2	21925000	21934999	1	0	False	0.0
D5pct_farmed_only_2_R00390	2	25795000	25804999	1	0	False	0.0
D5pct_farmed_only_2_R00391	2	28045000	28054999	1	0	False	0.0
D5pct_farmed_only_2_R00392	2	28135000	28144999	1	0	False	0.0
D5pct_farmed_only_2_R00393	2	29525000	29544999	2	0	False	0.0
D5pct_farmed_only_2_R00394	2	30195000	30204999	1	0	False	0.0
D5pct_farmed_only_2_R00395	2	30235000	30244999	1	0	False	0.0
D5pct_farmed_only_2_R00396	2	30255000	30264999	1	0	False	0.0
D5pct_farmed_only_2_R00397	2	31465000	31474999	1	0	False	0.0
D5pct_farmed_only_2_R00398	2	31515000	31524999	1	0	False	0.0
D5pct_farmed_only_2_R00399	2	31535000	31544999	1	0	False	0.0
D5pct_farmed_only_2_R00400	2	32060000	32159999	12	7	True	0.5
D5pct_farmed_only_2_R00401	2	32165000	32174999	1	0	False	0.0
D5pct_farmed_only_2_R00402	2	32185000	32194999	1	0	False	0.0
D5pct_farmed_only_2_R00403	2	32245000	32254999	1	0	False	0.0
D5pct_farmed_only_2_R00404	2	32315000	32324999	1	0	False	0.0
D5pct_farmed_only_2_R00405	2	32350000	32639999	36	9	True	0.5
D5pct_farmed_only_2_R00406	2	32850000	33009999	26	2	True	0.5
D5pct_farmed_only_3_R00428	3	5000	24999	2	0	False	0.0
D5pct_farmed_only_3_R00429	3	45000	54999	1	0	False	0.0
D5pct_farmed_only_3_R00430	3	2995000	3004999	1	0	False	0.0
D5pct_farmed_only_3_R00431	3	5505000	5514999	1	0	False	0.0
D5pct_farmed_only_3_R00432	3	6165000	6174999	1	0	False	0.0
D5pct_farmed_only_3_R00433	3	6525000	6534999	1	0	False	0.0
D5pct_farmed_only_3_R00434	3	7145000	7154999	1	0	False	0.0
D5pct_farmed_only_3_R00435	3	7165000	7174999	1	0	False	0.0
D5pct_farmed_only_3_R00436	3	8275000	8294999	2	0	False	0.0
D5pct_farmed_only_3_R00437	3	10575000	10584999	1	0	False	0.0
D5pct_farmed_only_3_R00438	3	10665000	10684999	2	0	False	0.0
D5pct_farmed_only_3_R00439	3	10695000	10704999	1	0	False	0.0
D5pct_farmed_only_3_R00440	3	10710000	10729999	3	0	False	0.0
D5pct_farmed_only_3_R00441	3	10740000	10754999	2	0	False	0.0
D5pct_farmed_only_3_R00442	3	10760000	10779999	2	1	True	0.5
D5pct_farmed_only_3_R00443	3	10795000	10804999	1	0	False	0.0
D5pct_farmed_only_3_R00444	3	10885000	10894999	1	0	False	0.0
D5pct_farmed_only_3_R00445	3	10920000	10929999	1	0	False	0.0
D5pct_farmed_only_3_R00446	3	11025000	11034999	1	0	False	0.0
D5pct_farmed_only_3_R00447	3	11040000	11049999	1	1	True	0.5
D5pct_farmed_only_3_R00448	3	11595000	11604999	1	0	False	0.0
D5pct_farmed_only_3_R00449	3	11615000	11624999	1	0	False	0.0
D5pct_farmed_only_3_R00450	3	11635000	11644999	1	0	False	0.0
D5pct_farmed_only_3_R00451	3	11765000	11774999	1	0	False	0.0
D5pct_farmed_only_3_R00452	3	11970000	11999999	4	0	False	0.0
D5pct_farmed_only_3_R00453	3	12005000	12024999	2	0	False	0.0
D5pct_farmed_only_3_R00454	3	12935000	12944999	1	0	False	0.0
D5pct_farmed_only_3_R00455	3	13115000	13124999	1	0	False	0.0
D5pct_farmed_only_3_R00456	3	13315000	13324999	1	0	False	0.0
D5pct_farmed_only_3_R00457	3	13335000	13344999	1	0	False	0.0
D5pct_farmed_only_3_R00458	3	13355000	13394999	4	0	False	0.0
D5pct_farmed_only_3_R00459	3	13415000	13424999	1	0	False	0.0
D5pct_farmed_only_3_R00460	3	13495000	13504999	1	0	False	0.0
D5pct_farmed_only_3_R00461	3	13715000	13724999	1	0	False	0.0
D5pct_farmed_only_3_R00462	3	13735000	13764999	3	0	False	0.0
D5pct_farmed_only_3_R00463	3	13775000	13794999	2	0	False	0.0
D5pct_farmed_only_3_R00464	3	13910000	13949999	4	2	True	0.5
D5pct_farmed_only_3_R00465	3	13975000	13984999	1	0	False	0.0
D5pct_farmed_only_3_R00466	3	14245000	14254999	1	0	False	0.0
D5pct_farmed_only_3_R00467	3	14345000	14489999	25	0	False	0.0
D5pct_farmed_only_3_R00468	3	14495000	14514999	2	0	False	0.0
D5pct_farmed_only_3_R00469	3	14635000	14644999	1	0	False	0.0
D5pct_farmed_only_3_R00470	3	14835000	14844999	1	0	False	0.0
D5pct_farmed_only_3_R00471	3	14865000	14874999	1	0	False	0.0
D5pct_farmed_only_3_R00472	3	15195000	15204999	1	0	False	0.0
D5pct_farmed_only_3_R00473	3	15725000	15734999	1	0	False	0.0
D5pct_farmed_only_3_R00474	3	15775000	15784999	1	0	False	0.0
D5pct_farmed_only_3_R00475	3	15845000	15854999	1	0	False	0.0
D5pct_farmed_only_3_R00476	3	15865000	15874999	1	0	False	0.0
D5pct_farmed_only_3_R00477	3	15935000	15944999	1	0	False	0.0
D5pct_farmed_only_3_R00478	3	16395000	16404999	1	0	False	0.0
D5pct_farmed_only_3_R00479	3	16435000	16444999	1	0	False	0.0
D5pct_farmed_only_3_R00480	3	16565000	16574999	1	0	False	0.0
D5pct_farmed_only_3_R00481	3	16655000	16664999	1	0	False	0.0
D5pct_farmed_only_3_R00482	3	16695000	16744999	5	0	False	0.0
D5pct_farmed_only_3_R00483	3	16875000	16884999	1	0	False	0.0
D5pct_farmed_only_3_R00484	3	17055000	17064999	1	0	False	0.0
D5pct_farmed_only_3_R00485	3	17135000	17154999	2	0	False	0.0
D5pct_farmed_only_3_R00486	3	17165000	17174999	1	0	False	0.0
D5pct_farmed_only_3_R00487	3	17185000	17194999	1	0	False	0.0
D5pct_farmed_only_3_R00488	3	17215000	17224999	1	0	False	0.0
D5pct_farmed_only_3_R00489	3	17285000	17294999	1	0	False	0.0
D5pct_farmed_only_3_R00490	3	17445000	17454999	1	0	False	0.0
D5pct_farmed_only_3_R00491	3	17485000	17494999	1	0	False	0.0
D5pct_farmed_only_3_R00492	3	17505000	17534999	3	0	False	0.0
D5pct_farmed_only_3_R00493	3	17690000	17709999	2	2	True	0.5
D5pct_farmed_only_3_R00494	3	17915000	17924999	1	0	False	0.0
D5pct_farmed_only_3_R00495	3	17955000	17984999	3	0	False	0.0
D5pct_farmed_only_3_R00496	3	18015000	18044999	3	0	False	0.0
D5pct_farmed_only_3_R00497	3	18055000	18064999	1	0	False	0.0
D5pct_farmed_only_3_R00498	3	18108622	18138621	3	0	False	0.0
D5pct_farmed_only_3_R00499	3	18368622	18378621	1	0	False	0.0
D5pct_farmed_only_3_R00500	3	18948622	18958621	1	0	False	0.0
D5pct_farmed_only_3_R00501	3	19098622	19108621	1	0	False	0.0
D5pct_farmed_only_3_R00502	3	19118622	19138621	2	0	False	0.0
D5pct_farmed_only_3_R00503	3	19158622	19168621	1	0	False	0.0
D5pct_farmed_only_3_R00504	3	19198622	19208621	1	0	False	0.0
D5pct_farmed_only_3_R00505	3	20218622	20238621	2	0	False	0.0
D5pct_farmed_only_3_R00506	3	20268622	20278621	1	0	False	0.0
D5pct_farmed_only_3_R00507	3	20288622	20298621	1	0	False	0.0
D5pct_farmed_only_3_R00508	3	20668622	20678621	1	0	False	0.0
D5pct_farmed_only_3_R00509	3	21168622	21178621	1	0	False	0.0
D5pct_farmed_only_3_R00510	3	21738622	21758621	2	0	False	0.0
D5pct_farmed_only_3_R00511	3	21968622	21978621	1	0	False	0.0
D5pct_farmed_only_3_R00512	3	22028622	22038621	1	0	False	0.0
D5pct_farmed_only_3_R00513	3	22088622	22108621	2	0	False	0.0
D5pct_farmed_only_3_R00514	3	22338622	22348621	1	0	False	0.0
D5pct_farmed_only_3_R00515	3	22418622	22428621	1	0	False	0.0
D5pct_farmed_only_3_R00516	3	23208622	23218621	1	0	False	0.0
D5pct_farmed_only_3_R00517	3	24058622	24068621	1	0	False	0.0
D5pct_farmed_only_3_R00518	3	24178622	24188621	1	0	False	0.0
D5pct_farmed_only_3_R00519	3	24203622	24243621	6	2	True	0.5
D5pct_farmed_only_3_R00520	3	24408622	24418621	1	0	False	0.0
D5pct_farmed_only_3_R00521	3	24478622	24498621	2	0	False	0.0
D5pct_farmed_only_3_R00522	3	24508622	24518621	1	0	False	0.0
D5pct_farmed_only_3_R00523	3	25188622	25218621	3	0	False	0.0
D5pct_farmed_only_3_R00524	3	25238622	25248621	1	0	False	0.0
D5pct_farmed_only_3_R00525	3	27758622	27768621	1	0	False	0.0
D5pct_farmed_only_3_R00526	3	27888622	27898621	1	0	False	0.0
D5pct_farmed_only_3_R00527	3	28328622	28338621	1	0	False	0.0
D5pct_farmed_only_3_R00528	3	29198622	29208621	1	0	False	0.0
D5pct_farmed_only_3_R00529	3	29228622	29238621	1	0	False	0.0
D5pct_farmed_only_3_R00530	3	29318622	29328621	1	0	False	0.0
D5pct_farmed_only_3_R00531	3	31013622	31023621	1	0	False	0.0
D5pct_farmed_only_3_R00532	3	31068622	31078621	1	0	False	0.0
D5pct_farmed_only_4_R00642	4	205000	214999	1	0	False	0.0
D5pct_farmed_only_4_R00643	4	2235000	2244999	1	0	False	0.0
D5pct_farmed_only_4_R00644	4	2255000	2264999	1	0	False	0.0
D5pct_farmed_only_4_R00645	4	3525000	3534999	1	0	False	0.0
D5pct_farmed_only_4_R00646	4	3575000	3584999	1	0	False	0.0
D5pct_farmed_only_4_R00647	4	4085000	4094999	1	0	False	0.0
D5pct_farmed_only_4_R00648	4	5885000	5894999	1	0	False	0.0
D5pct_farmed_only_4_R00649	4	6035000	6044999	1	0	False	0.0
D5pct_farmed_only_4_R00650	4	7225000	7234999	1	0	False	0.0
D5pct_farmed_only_4_R00651	4	7565000	7659999	10	9	True	0.5
D5pct_farmed_only_4_R00652	4	7665000	7674999	1	0	False	0.0
D5pct_farmed_only_4_R00653	4	7855000	7864999	1	0	False	0.0
D5pct_farmed_only_4_R00654	4	7915000	7924999	1	0	False	0.0
D5pct_farmed_only_4_R00655	4	10528144	10538143	1	0	False	0.0
D5pct_farmed_only_4_R00656	4	10668144	10678143	1	0	False	0.0
D5pct_farmed_only_4_R00657	4	11008144	11018143	1	0	False	0.0
D5pct_farmed_only_4_R00658	4	11138144	11158143	2	0	False	0.0
D5pct_farmed_only_4_R00659	4	11173144	11253143	8	6	True	0.5
D5pct_farmed_only_4_R00660	4	12378144	12388143	1	0	False	0.0
D5pct_farmed_only_4_R00661	4	12393144	12453143	6	2	True	0.5
D5pct_farmed_only_4_R00662	4	12463144	12563143	13	3	True	0.5
D5pct_farmed_only_4_R00663	4	13138144	13148143	1	0	False	0.0
D5pct_farmed_only_4_R00664	4	13308144	13318143	1	0	False	0.0
D5pct_farmed_only_4_R00665	4	13718144	13728143	1	0	False	0.0
D5pct_farmed_only_4_R00666	4	13988144	14008143	2	0	False	0.0
D5pct_farmed_only_4_R00667	4	14398144	14408143	1	0	False	0.0
D5pct_farmed_only_4_R00668	4	14658144	14668143	1	0	False	0.0
D5pct_farmed_only_4_R00669	4	15578243	15588242	1	0	False	0.0
D5pct_farmed_only_4_R00670	4	15643243	15653242	1	0	False	0.0
D5pct_farmed_only_4_R00671	4	15934214	15944213	1	0	False	0.0
D5pct_farmed_only_4_R00672	4	16014214	16024213	1	0	False	0.0
D5pct_farmed_only_4_R00673	4	16074214	16084213	1	0	False	0.0
D5pct_farmed_only_4_R00674	4	16184214	16194213	1	0	False	0.0
D5pct_farmed_only_4_R00675	4	16879214	16969213	11	3	True	0.5
D5pct_farmed_only_4_R00676	4	16974214	16994213	2	0	False	0.0
D5pct_farmed_only_4_R00677	4	19334214	19344213	1	0	False	0.0
D5pct_farmed_only_4_R00678	4	20264214	20274213	1	0	False	0.0
D5pct_farmed_only_4_R00679	4	20354214	20364213	1	0	False	0.0
D5pct_farmed_only_4_R00680	4	20379214	20389213	1	0	False	0.0
D5pct_farmed_only_4_R00681	4	20404214	20414213	1	0	False	0.0
D5pct_farmed_only_4_R00682	4	20474214	20484213	1	0	False	0.0
D5pct_farmed_only_4_R00683	4	20564214	20574213	1	0	False	0.0
D5pct_farmed_only_4_R00684	4	20684214	20694213	1	0	False	0.0
D5pct_farmed_only_4_R00685	4	20699214	20749213	5	3	True	0.5
D5pct_farmed_only_4_R00686	4	20784214	20799213	2	1	True	0.5
D5pct_farmed_only_4_R00687	4	20819214	21069213	29	18	True	0.5
D5pct_farmed_only_4_R00688	4	21569214	21709213	15	13	True	0.5
D5pct_farmed_only_4_R00689	4	21724214	21734213	1	0	False	0.0
D5pct_farmed_only_4_R00690	4	21819214	21969213	19	10	True	0.5
D5pct_farmed_only_4_R00691	4	21984214	21994213	1	0	False	0.0
D5pct_farmed_only_4_R00692	4	22054214	22084213	3	0	False	0.0
D5pct_farmed_only_4_R00693	4	22428801	22438800	1	0	False	0.0
D5pct_farmed_only_4_R00694	4	22848801	22858800	1	0	False	0.0
D5pct_farmed_only_4_R00695	4	22883801	23413800	67	36	True	0.5
D5pct_farmed_only_4_R00696	4	23693900	23823899	17	10	True	0.5
D5pct_farmed_only_4_R00697	4	24813900	25013899	31	8	True	0.5
D5pct_farmed_only_4_R00698	4	25538900	25548899	1	0	False	0.0
D5pct_farmed_only_4_R00699	4	26708900	26773899	7	3	True	0.5
D5pct_farmed_only_4_R00700	4	26938900	26948899	1	0	False	0.0
D5pct_farmed_only_4_R00701	4	27058900	27068899	1	0	False	0.0
D5pct_farmed_only_4_R00702	4	28318900	28328899	1	0	False	0.0
D5pct_farmed_only_4_R00703	4	29728900	29738899	1	0	False	0.0
D5pct_farmed_only_5_R00813	5	25000	34999	1	0	False	0.0
D5pct_farmed_only_5_R00814	5	255000	274999	2	0	False	0.0
D5pct_farmed_only_5_R00815	5	415000	424999	1	0	False	0.0
D5pct_farmed_only_5_R00816	5	555000	564999	1	0	False	0.0
D5pct_farmed_only_5_R00817	5	575000	584999	1	0	False	0.0
D5pct_farmed_only_5_R00818	5	595000	614999	2	0	False	0.0
D5pct_farmed_only_5_R00819	5	1190000	1329999	15	0	False	0.0
D5pct_farmed_only_5_R00820	5	1995000	2004999	1	0	False	0.0
D5pct_farmed_only_5_R00821	5	2025000	2034999	1	0	False	0.0
D5pct_farmed_only_5_R00822	5	2045000	2054999	1	0	False	0.0
D5pct_farmed_only_5_R00823	5	2085000	2194999	18	0	False	0.0
D5pct_farmed_only_5_R00824	5	2205000	2214999	1	0	False	0.0
D5pct_farmed_only_5_R00825	5	2255000	2274999	2	0	False	0.0
D5pct_farmed_only_5_R00826	5	2875000	2884999	1	0	False	0.0
D5pct_farmed_only_5_R00827	5	4345000	4354999	1	0	False	0.0
D5pct_farmed_only_5_R00828	5	5205000	5214999	1	0	False	0.0
D5pct_farmed_only_5_R00829	5	5245000	5489999	28	20	True	0.5
D5pct_farmed_only_5_R00830	5	5495000	5504999	1	0	False	0.0
D5pct_farmed_only_5_R00831	5	5745000	5764999	2	0	False	0.0
D5pct_farmed_only_5_R00832	5	6015000	6024999	1	0	False	0.0
D5pct_farmed_only_5_R00833	5	6125000	6134999	1	0	False	0.0
D5pct_farmed_only_5_R00834	5	6145000	6154999	1	0	False	0.0
D5pct_farmed_only_5_R00835	5	6245000	6254999	1	0	False	0.0
D5pct_farmed_only_5_R00836	5	7855000	7864999	1	0	False	0.0
D5pct_farmed_only_5_R00837	5	8185000	8194999	1	0	False	0.0
D5pct_farmed_only_5_R00838	5	8495000	8504999	1	0	False	0.0
D5pct_farmed_only_5_R00839	5	8535000	8544999	1	0	False	0.0
D5pct_farmed_only_5_R00840	5	8595000	8604999	1	0	False	0.0
D5pct_farmed_only_5_R00841	5	9275000	9284999	1	0	False	0.0
D5pct_farmed_only_5_R00842	5	16020000	16139999	12	0	False	0.0
D5pct_farmed_only_5_R00843	5	17315000	17334999	2	0	False	0.0
D5pct_farmed_only_5_R00844	5	17755000	17764999	1	0	False	0.0
D5pct_farmed_only_5_R00845	5	18535000	18544999	1	0	False	0.0
D5pct_farmed_only_5_R00846	5	18675000	18684999	1	0	False	0.0
D5pct_farmed_only_5_R00847	5	18775000	18784999	1	0	False	0.0
D5pct_farmed_only_5_R00848	5	18995000	19004999	1	0	False	0.0
D5pct_farmed_only_5_R00849	5	19875000	19884999	1	0	False	0.0
D5pct_farmed_only_5_R00850	5	20095000	20104999	1	0	False	0.0
D5pct_farmed_only_5_R00851	5	20345000	20354999	1	0	False	0.0
D5pct_farmed_only_5_R00852	5	21230000	21304999	8	6	True	0.5
D5pct_farmed_only_5_R00853	5	22145000	22154999	1	0	False	0.0
D5pct_farmed_only_5_R00854	5	22655000	22664999	1	0	False	0.0
D5pct_farmed_only_5_R00855	5	23135000	23144999	1	0	False	0.0
D5pct_farmed_only_5_R00856	5	23755000	23764999	1	0	False	0.0
D5pct_farmed_only_6_R00942	6	95000	124999	3	0	False	0.0
D5pct_farmed_only_6_R00943	6	155000	164999	1	0	False	0.0
D5pct_farmed_only_6_R00944	6	910000	979999	9	3	True	0.5
D5pct_farmed_only_6_R00945	6	1695000	1704999	1	0	False	0.0
D5pct_farmed_only_6_R00946	6	1875000	1884999	1	0	False	0.0
D5pct_farmed_only_6_R00947	6	3805000	3814999	1	0	False	0.0
D5pct_farmed_only_6_R00948	6	3825000	3834999	1	0	False	0.0
D5pct_farmed_only_6_R00949	6	5705000	5714999	1	0	False	0.0
D5pct_farmed_only_6_R00950	6	7225000	7244999	2	0	False	0.0
D5pct_farmed_only_6_R00951	6	7275000	7304999	3	0	False	0.0
D5pct_farmed_only_6_R00952	6	7315000	7334999	2	0	False	0.0
D5pct_farmed_only_6_R00953	6	7345000	7354999	1	0	False	0.0
D5pct_farmed_only_6_R00954	6	7365000	7374999	1	0	False	0.0
D5pct_farmed_only_6_R00955	6	7385000	7414999	3	0	False	0.0
D5pct_farmed_only_6_R00956	6	7905000	7914999	1	0	False	0.0
D5pct_farmed_only_6_R00957	6	9615000	9624999	1	0	False	0.0
D5pct_farmed_only_6_R00958	6	9645000	9654999	1	0	False	0.0
D5pct_farmed_only_6_R00959	6	9685000	9694999	1	0	False	0.0
D5pct_farmed_only_6_R00960	6	11315000	11324999	1	0	False	0.0
D5pct_farmed_only_6_R00961	6	13675000	13684999	1	0	False	0.0
D5pct_farmed_only_6_R00962	6	13845000	13864999	2	0	False	0.0
D5pct_farmed_only_6_R00963	6	13895000	13914999	2	0	False	0.0
D5pct_farmed_only_6_R00964	6	13925000	13934999	1	0	False	0.0
D5pct_farmed_only_6_R00965	6	13945000	13954999	1	0	False	0.0
D5pct_farmed_only_6_R00966	6	14575000	14584999	1	0	False	0.0
D5pct_farmed_only_6_R00967	6	17725000	17744999	2	0	False	0.0
D5pct_farmed_only_6_R00968	6	17855000	17894999	4	0	False	0.0
D5pct_farmed_only_6_R00969	6	17905000	17914999	1	0	False	0.0
D5pct_farmed_only_6_R00970	6	18065000	18074999	1	0	False	0.0
D5pct_farmed_only_6_R00971	6	18095000	18104999	1	0	False	0.0
D5pct_farmed_only_6_R00972	6	19575000	19584999	1	0	False	0.0
D5pct_farmed_only_6_R00973	6	19775000	19784999	1	0	False	0.0
D5pct_farmed_only_6_R00974	6	20005000	20014999	1	0	False	0.0
D5pct_farmed_only_6_R00975	6	20025000	20034999	1	0	False	0.0
D5pct_farmed_only_6_R00976	6	20085000	20104999	2	0	False	0.0
D5pct_farmed_only_6_R00977	6	20125000	20134999	1	0	False	0.0
D5pct_farmed_only_6_R00978	6	20165000	20174999	1	0	False	0.0
D5pct_farmed_only_6_R00979	6	20180000	20229999	5	2	True	0.5
D5pct_farmed_only_6_R00980	6	20395000	20414999	2	0	False	0.0
D5pct_farmed_only_6_R00981	6	21285000	21294999	1	0	False	0.0
D5pct_farmed_only_6_R00982	6	21515000	21524999	1	0	False	0.0
D5pct_farmed_only_6_R00983	6	21665000	21674999	1	0	False	0.0
D5pct_farmed_only_6_R00984	6	21895000	21904999	1	0	False	0.0
D5pct_farmed_only_6_R00985	6	22190000	22199999	1	1	True	0.5
D5pct_farmed_only_6_R00986	6	22210000	22239999	3	2	True	0.5
D5pct_farmed_only_6_R00987	6	22335000	22344999	1	0	False	0.0
D5pct_farmed_only_6_R00988	6	22495000	22504999	1	0	False	0.0
D5pct_farmed_only_6_R00989	6	22515000	22544999	4	0	False	0.0
D5pct_farmed_only_6_R00990	6	22570000	22589999	2	0	False	0.0
D5pct_farmed_only_6_R00991	6	22615000	22624999	1	0	False	0.0
D5pct_farmed_only_7_R00992	7	5000	14999	1	0	False	0.0
D5pct_farmed_only_7_R00993	7	1235000	1254999	2	0	False	0.0
D5pct_farmed_only_7_R00994	7	1855000	1864999	1	0	False	0.0
D5pct_farmed_only_7_R00995	7	2725000	2734999	1	0	False	0.0
D5pct_farmed_only_7_R00996	7	2745000	2759999	2	1	True	0.5
D5pct_farmed_only_7_R00997	7	2845000	2854999	1	0	False	0.0
D5pct_farmed_only_7_R00998	7	2865000	2874999	1	0	False	0.0
D5pct_farmed_only_7_R00999	7	3485000	3494999	1	0	False	0.0
D5pct_farmed_only_7_R01000	7	3765000	3784999	2	0	False	0.0
D5pct_farmed_only_7_R01001	7	4745000	4754999	1	0	False	0.0
D5pct_farmed_only_7_R01002	7	5615000	5624999	1	0	False	0.0
D5pct_farmed_only_7_R01003	7	6615000	6634999	2	0	False	0.0
D5pct_farmed_only_7_R01004	7	7805000	7814999	1	0	False	0.0
D5pct_farmed_only_7_R01005	7	10155000	10184999	3	0	False	0.0
D5pct_farmed_only_7_R01006	7	10195000	10204999	1	0	False	0.0
D5pct_farmed_only_7_R01007	7	16025000	16034999	1	0	False	0.0
D5pct_farmed_only_7_R01008	7	16315000	16324999	1	0	False	0.0
D5pct_farmed_only_7_R01009	7	18115000	18124999	1	0	False	0.0
D5pct_farmed_only_7_R01010	7	18895000	18904999	1	0	False	0.0
D5pct_farmed_only_7_R01011	7	18925000	18934999	1	0	False	0.0
D5pct_farmed_only_7_R01012	7	18965000	18974999	1	0	False	0.0
D5pct_farmed_only_7_R01013	7	19335000	19344999	1	0	False	0.0
D5pct_farmed_only_7_R01014	7	19605000	19624999	2	0	False	0.0
D5pct_farmed_only_7_R01015	7	19885000	19949999	9	0	False	0.0
D5pct_farmed_only_7_R01016	7	19955000	19964999	1	0	False	0.0
D5pct_farmed_only_7_R01017	7	20025000	20034999	1	0	False	0.0
D5pct_farmed_only_7_R01018	7	20130000	20149999	3	0	False	0.0
D5pct_farmed_only_7_R01019	7	20160000	20259999	13	8	True	0.5
D5pct_farmed_only_7_R01020	7	20275000	20284999	1	0	False	0.0
D5pct_farmed_only_7_R01021	7	20325000	20344999	2	0	False	0.0
D5pct_farmed_only_7_R01022	7	20385000	20394999	1	0	False	0.0
D5pct_farmed_only_7_R01023	7	20420000	20429999	1	1	True	0.5
D5pct_farmed_only_7_R01024	7	20450000	20499999	6	2	True	0.5
D5pct_farmed_only_7_R01025	7	20530000	20549999	3	0	False	0.0
D5pct_farmed_only_7_R01026	7	20565000	20574999	1	0	False	0.0
D5pct_farmed_only_7_R01027	7	20580000	20594999	2	1	True	0.5
D5pct_farmed_only_7_R01028	7	20600000	21579999	132	62	True	0.5
D5pct_farmed_only_7_R01029	7	21600000	21639999	4	2	True	0.5
D5pct_farmed_only_7_R01030	7	21645000	21654999	1	0	False	0.0
D5pct_farmed_only_7_R01031	7	21835000	21844999	1	0	False	0.0
D5pct_farmed_only_8_R01092	8	455000	474999	2	0	False	0.0
D5pct_farmed_only_8_R01093	8	485000	494999	1	0	False	0.0
D5pct_farmed_only_8_R01094	8	775000	784999	1	0	False	0.0
D5pct_farmed_only_8_R01095	8	5178615	5283614	12	7	True	0.5
D5pct_farmed_only_8_R01096	8	5373615	5383614	1	0	False	0.0
D5pct_farmed_only_8_R01097	8	6523615	6533614	1	0	False	0.0
D5pct_farmed_only_8_R01098	8	7783615	7793614	1	0	False	0.0
D5pct_farmed_only_8_R01099	8	9103615	9113614	1	0	False	0.0
D5pct_farmed_only_8_R01100	8	9118615	9188614	7	7	True	0.5
D5pct_farmed_only_8_R01101	8	9348615	9533614	20	16	True	0.5
D5pct_farmed_only_8_R01102	8	9863615	9883614	2	0	False	0.0
D5pct_farmed_only_8_R01103	8	9963615	9973614	1	0	False	0.0
D5pct_farmed_only_8_R01104	8	10083615	10093614	1	0	False	0.0
D5pct_farmed_only_8_R01105	8	10138615	10158614	2	0	False	0.0
D5pct_farmed_only_8_R01106	8	10168615	10268614	12	2	True	0.5
D5pct_farmed_only_8_R01107	8	10283615	10293614	1	0	False	0.0
D5pct_farmed_only_8_R01108	8	10318615	10538614	29	7	True	0.5
D5pct_farmed_only_8_R01109	8	10553615	10708614	18	3	True	0.5
D5pct_farmed_only_8_R01110	8	10718615	10738614	2	1	True	0.5
D5pct_farmed_only_8_R01111	8	10763615	10793614	3	0	False	0.0
D5pct_farmed_only_8_R01112	8	10813615	10853614	4	0	False	0.0
D5pct_farmed_only_8_R01113	8	10858615	10903614	6	0	False	0.0
D5pct_farmed_only_8_R01114	8	10908615	10948614	5	2	True	0.5
D5pct_farmed_only_8_R01115	8	10958615	11028614	9	5	True	0.5
D5pct_farmed_only_8_R01116	8	11127042	11547041	48	24	True	0.5
D5pct_farmed_only_8_R01117	8	12382042	12392041	1	0	False	0.0
D5pct_farmed_only_8_R01118	8	12482042	12492041	1	0	False	0.0
D5pct_farmed_only_8_R01119	8	12512042	12522041	1	0	False	0.0
D5pct_farmed_only_8_R01120	8	12527042	12537041	1	0	False	0.0
D5pct_farmed_only_8_R01121	8	12547042	12572041	3	0	False	0.0
D5pct_farmed_only_8_R01122	8	13082042	13092041	1	0	False	0.0
D5pct_farmed_only_8_R01123	8	13542042	13622041	8	0	False	0.0
D5pct_farmed_only_8_R01124	8	13632042	13652041	2	0	False	0.0
D5pct_farmed_only_8_R01125	8	16442042	16452041	1	0	False	0.0
D5pct_farmed_only_8_R01126	8	16652042	16662041	1	0	False	0.0
D5pct_farmed_only_8_R01127	8	17572042	17582041	1	0	False	0.0
D5pct_farmed_only_8_R01128	8	18022042	18032041	1	0	False	0.0
D5pct_farmed_only_8_R01129	8	18912042	18967041	7	4	True	0.5
D5pct_farmed_only_9_R01212	9	58786	68785	1	0	False	0.0
D5pct_farmed_only_9_R01213	9	178786	188785	1	0	False	0.0
D5pct_farmed_only_9_R01214	9	508786	518785	1	0	False	0.0
D5pct_farmed_only_9_R01215	9	528786	538785	1	0	False	0.0
D5pct_farmed_only_9_R01216	9	553786	563785	1	0	False	0.0
D5pct_farmed_only_9_R01217	9	568786	583785	2	0	False	0.0
D5pct_farmed_only_9_R01218	9	588786	623785	4	1	True	0.5
D5pct_farmed_only_9_R01219	9	638786	648785	1	0	False	0.0
D5pct_farmed_only_9_R01220	9	728786	738785	1	0	False	0.0
D5pct_farmed_only_9_R01221	9	798786	808785	1	0	False	0.0
D5pct_farmed_only_9_R01222	9	848786	858785	1	0	False	0.0
D5pct_farmed_only_9_R01223	9	868786	878785	1	0	False	0.0
D5pct_farmed_only_9_R01224	9	908786	918785	1	0	False	0.0
D5pct_farmed_only_9_R01225	9	928786	938785	1	0	False	0.0
D5pct_farmed_only_9_R01226	9	1888786	1898785	1	0	False	0.0
D5pct_farmed_only_9_R01227	9	2088786	2098785	1	0	False	0.0
D5pct_farmed_only_9_R01228	9	4878786	4888785	1	0	False	0.0
D5pct_farmed_only_9_R01229	9	4928786	4938785	1	0	False	0.0
D5pct_farmed_only_9_R01230	9	6378786	6398785	2	0	False	0.0
D5pct_farmed_only_9_R01231	9	6648786	6658785	1	0	False	0.0
D5pct_farmed_only_9_R01232	9	8828786	8838785	1	0	False	0.0
D5pct_farmed_only_9_R01233	9	11668786	11678785	1	0	False	0.0
D5pct_farmed_only_9_R01234	9	14738786	14748785	1	0	False	0.0
D5pct_farmed_only_9_R01235	9	14988786	14998785	1	0	False	0.0
D5pct_farmed_only_9_R01236	9	16478786	16488785	1	0	False	0.0
D5pct_farmed_only_Tmol_scf_101_R01250	Tmol_scf_101	25000	34999	1	0	False	0.0
D5pct_farmed_only_Tmol_scf_101_R01251	Tmol_scf_101	55000	74999	2	0	False	0.0
D5pct_farmed_only_Tmol_scf_103_R01252	Tmol_scf_103	45000	54999	1	0	False	0.0
D5pct_farmed_only_Tmol_scf_106_R01254	Tmol_scf_106	5000	24999	2	0	False	0.0
D5pct_farmed_only_Tmol_scf_106_R01255	Tmol_scf_106	35000	44999	1	0	False	0.0
D5pct_farmed_only_Tmol_scf_108_R01259	Tmol_scf_108	25000	34999	1	0	False	0.0
D5pct_farmed_only_Tmol_scf_109_R01262	Tmol_scf_109	25000	34999	1	0	False	0.0
D5pct_farmed_only_Tmol_scf_112_R01263	Tmol_scf_112	15000	24999	1	0	False	0.0
D5pct_farmed_only_Tmol_scf_18_R01264	Tmol_scf_18	85000	94999	1	0	False	0.0
D5pct_farmed_only_Tmol_scf_18_R01265	Tmol_scf_18	165000	174999	1	0	False	0.0
D5pct_farmed_only_Tmol_scf_18_R01266	Tmol_scf_18	235000	244999	1	0	False	0.0
D5pct_farmed_only_Tmol_scf_18_R01267	Tmol_scf_18	280000	289999	1	0	False	0.0
D5pct_farmed_only_Tmol_scf_18_R01268	Tmol_scf_18	295000	304999	1	0	False	0.0
D5pct_farmed_only_Tmol_scf_18_R01269	Tmol_scf_18	325000	334999	1	0	False	0.0
D5pct_farmed_only_Tmol_scf_18_R01270	Tmol_scf_18	395000	404999	1	0	False	0.0
D5pct_farmed_only_Tmol_scf_18_R01271	Tmol_scf_18	490000	514999	4	1	True	0.5
D5pct_farmed_only_Tmol_scf_18_R01272	Tmol_scf_18	665000	674999	1	0	False	0.0
D5pct_farmed_only_Tmol_scf_18_R01273	Tmol_scf_18	695000	704999	1	0	False	0.0
D5pct_farmed_only_Tmol_scf_18_R01274	Tmol_scf_18	805000	1169999	46	17	True	0.5
D5pct_farmed_only_Tmol_scf_18_R01275	Tmol_scf_18	1320000	1519999	24	10	True	0.5
D5pct_farmed_only_Tmol_scf_21_R01297	Tmol_scf_21	15000	24999	1	0	False	0.0
D5pct_farmed_only_Tmol_scf_21_R01298	Tmol_scf_21	35000	44999	1	0	False	0.0
D5pct_farmed_only_Tmol_scf_21_R01299	Tmol_scf_21	85000	94999	1	0	False	0.0
D5pct_farmed_only_Tmol_scf_21_R01300	Tmol_scf_21	355000	364999	1	0	False	0.0
D5pct_farmed_only_Tmol_scf_21_R01301	Tmol_scf_21	395000	404999	1	0	False	0.0
D5pct_farmed_only_Tmol_scf_21_R01302	Tmol_scf_21	445000	454999	1	0	False	0.0
D5pct_farmed_only_Tmol_scf_21_R01303	Tmol_scf_21	665000	674999	1	0	False	0.0
D5pct_farmed_only_Tmol_scf_21_R01304	Tmol_scf_21	765000	774999	1	0	False	0.0
D5pct_farmed_only_Tmol_scf_21_R01305	Tmol_scf_21	830000	1019999	23	8	True	0.5
D5pct_farmed_only_Tmol_scf_22_R01326	Tmol_scf_22	65000	74999	1	0	False	0.0
D5pct_farmed_only_Tmol_scf_22_R01327	Tmol_scf_22	145000	729999	76	22	True	0.5
D5pct_farmed_only_Tmol_scf_23_R01328	Tmol_scf_23	305000	314999	1	0	False	0.0
D5pct_farmed_only_Tmol_scf_23_R01329	Tmol_scf_23	625000	634999	1	0	False	0.0
D5pct_farmed_only_Tmol_scf_24_R01339	Tmol_scf_24	570000	619999	5	1	True	0.5
D5pct_farmed_only_Tmol_scf_28_R01345	Tmol_scf_28	15000	24999	1	0	False	0.0
D5pct_farmed_only_Tmol_scf_28_R01346	Tmol_scf_28	35000	294999	43	8	True	0.5
D5pct_farmed_only_Tmol_scf_28_R01347	Tmol_scf_28	305000	314999	1	0	False	0.0
D5pct_farmed_only_Tmol_scf_28_R01348	Tmol_scf_28	325000	334999	1	0	False	0.0
D5pct_farmed_only_Tmol_scf_28_R01349	Tmol_scf_28	365000	439999	10	1	True	0.5
D5pct_farmed_only_Tmol_scf_28_R01350	Tmol_scf_28	445000	464999	2	0	False	0.0
D5pct_farmed_only_Tmol_scf_29_R01358	Tmol_scf_29	15000	54999	4	0	False	0.0
D5pct_farmed_only_Tmol_scf_29_R01359	Tmol_scf_29	65000	74999	1	0	False	0.0
D5pct_farmed_only_Tmol_scf_29_R01360	Tmol_scf_29	175000	199999	4	0	False	0.0
D5pct_farmed_only_Tmol_scf_29_R01361	Tmol_scf_29	275000	284999	1	0	False	0.0
D5pct_farmed_only_Tmol_scf_29_R01362	Tmol_scf_29	300000	409999	11	11	True	0.5
D5pct_farmed_only_Tmol_scf_29_R01363	Tmol_scf_29	425000	434999	1	0	False	0.0
D5pct_farmed_only_Tmol_scf_30_R01369	Tmol_scf_30	385000	394999	1	0	False	0.0
D5pct_farmed_only_Tmol_scf_31_R01370	Tmol_scf_31	5000	14999	1	0	False	0.0
D5pct_farmed_only_Tmol_scf_31_R01371	Tmol_scf_31	35000	44999	1	0	False	0.0
D5pct_farmed_only_Tmol_scf_31_R01372	Tmol_scf_31	115000	124999	1	0	False	0.0
D5pct_farmed_only_Tmol_scf_31_R01373	Tmol_scf_31	170000	384999	32	11	True	0.5
D5pct_farmed_only_Tmol_scf_31_R01374	Tmol_scf_31	405000	414999	1	0	False	0.0
D5pct_farmed_only_Tmol_scf_32_R01383	Tmol_scf_32	5000	14999	1	0	False	0.0
D5pct_farmed_only_Tmol_scf_32_R01384	Tmol_scf_32	25000	44999	2	0	False	0.0
D5pct_farmed_only_Tmol_scf_32_R01385	Tmol_scf_32	50000	289999	30	21	True	0.5
D5pct_farmed_only_Tmol_scf_32_R01386	Tmol_scf_32	300000	309999	1	0	False	0.0
D5pct_farmed_only_Tmol_scf_32_R01387	Tmol_scf_32	345000	354999	1	0	False	0.0
D5pct_farmed_only_Tmol_scf_34_R01398	Tmol_scf_34	15000	24999	1	0	False	0.0
D5pct_farmed_only_Tmol_scf_34_R01399	Tmol_scf_34	35000	44999	1	0	False	0.0
D5pct_farmed_only_Tmol_scf_34_R01400	Tmol_scf_34	85000	104999	2	0	False	0.0
D5pct_farmed_only_Tmol_scf_34_R01401	Tmol_scf_34	115000	124999	1	0	False	0.0
D5pct_farmed_only_Tmol_scf_34_R01402	Tmol_scf_34	240000	269999	3	3	True	0.5
D5pct_farmed_only_Tmol_scf_34_R01403	Tmol_scf_34	325000	344999	2	0	False	0.0
D5pct_farmed_only_Tmol_scf_36_R01418	Tmol_scf_36	25000	34999	1	0	False	0.0
D5pct_farmed_only_Tmol_scf_36_R01419	Tmol_scf_36	95000	104999	1	0	False	0.0
D5pct_farmed_only_Tmol_scf_36_R01420	Tmol_scf_36	145000	154999	1	0	False	0.0
D5pct_farmed_only_Tmol_scf_36_R01421	Tmol_scf_36	165000	174999	1	0	False	0.0
D5pct_farmed_only_Tmol_scf_36_R01422	Tmol_scf_36	180000	249999	8	6	True	0.5
D5pct_farmed_only_Tmol_scf_36_R01423	Tmol_scf_36	265000	274999	1	0	False	0.0
D5pct_farmed_only_Tmol_scf_37_R01426	Tmol_scf_37	5000	24999	2	0	False	0.0
D5pct_farmed_only_Tmol_scf_37_R01427	Tmol_scf_37	85000	94999	1	0	False	0.0
D5pct_farmed_only_Tmol_scf_37_R01428	Tmol_scf_37	105000	114999	1	0	False	0.0
D5pct_farmed_only_Tmol_scf_37_R01429	Tmol_scf_37	135000	154999	2	0	False	0.0
D5pct_farmed_only_Tmol_scf_37_R01430	Tmol_scf_37	170000	234999	9	1	True	0.5
D5pct_farmed_only_Tmol_scf_38_R01435	Tmol_scf_38	35000	44999	1	0	False	0.0
D5pct_farmed_only_Tmol_scf_38_R01436	Tmol_scf_38	50000	254999	32	8	True	0.5
D5pct_farmed_only_Tmol_scf_39_R01441	Tmol_scf_39	5000	24999	2	0	False	0.0
D5pct_farmed_only_Tmol_scf_39_R01442	Tmol_scf_39	65000	94999	3	0	False	0.0
D5pct_farmed_only_Tmol_scf_39_R01443	Tmol_scf_39	125000	149999	3	0	False	0.0
D5pct_farmed_only_Tmol_scf_39_R01444	Tmol_scf_39	185000	194999	1	0	False	0.0
D5pct_farmed_only_Tmol_scf_39_R01445	Tmol_scf_39	205000	244999	4	0	False	0.0
D5pct_farmed_only_Tmol_scf_40_R01449	Tmol_scf_40	105000	114999	1	0	False	0.0
D5pct_farmed_only_Tmol_scf_41_R01450	Tmol_scf_41	5000	34999	3	0	False	0.0
D5pct_farmed_only_Tmol_scf_41_R01451	Tmol_scf_41	65000	84999	2	0	False	0.0
D5pct_farmed_only_Tmol_scf_41_R01452	Tmol_scf_41	150000	209999	6	6	True	0.5
D5pct_farmed_only_Tmol_scf_41_R01453	Tmol_scf_41	225000	234999	1	0	False	0.0
D5pct_farmed_only_Tmol_scf_42_R01457	Tmol_scf_42	15000	24999	1	0	False	0.0
D5pct_farmed_only_Tmol_scf_42_R01458	Tmol_scf_42	35000	44999	1	0	False	0.0
D5pct_farmed_only_Tmol_scf_42_R01459	Tmol_scf_42	55000	64999	1	0	False	0.0
D5pct_farmed_only_Tmol_scf_42_R01460	Tmol_scf_42	135000	154999	2	0	False	0.0
D5pct_farmed_only_Tmol_scf_42_R01461	Tmol_scf_42	165000	174999	1	0	False	0.0
D5pct_farmed_only_Tmol_scf_42_R01462	Tmol_scf_42	205000	214999	1	0	False	0.0
D5pct_farmed_only_Tmol_scf_45_R01476	Tmol_scf_45	85000	94999	1	0	False	0.0
D5pct_farmed_only_Tmol_scf_45_R01477	Tmol_scf_45	100000	109999	1	1	True	0.5
D5pct_farmed_only_Tmol_scf_45_R01478	Tmol_scf_45	145000	174999	3	0	False	0.0
D5pct_farmed_only_Tmol_scf_45_R01479	Tmol_scf_45	195000	204999	1	0	False	0.0
D5pct_farmed_only_Tmol_scf_46_R01482	Tmol_scf_46	15000	24999	1	0	False	0.0
D5pct_farmed_only_Tmol_scf_46_R01483	Tmol_scf_46	45000	54999	1	0	False	0.0
D5pct_farmed_only_Tmol_scf_46_R01484	Tmol_scf_46	105000	114999	1	0	False	0.0
D5pct_farmed_only_Tmol_scf_46_R01485	Tmol_scf_46	130000	169999	6	1	True	0.5
D5pct_farmed_only_Tmol_scf_46_R01486	Tmol_scf_46	175000	194999	2	0	False	0.0
D5pct_farmed_only_Tmol_scf_47_R01489	Tmol_scf_47	145000	154999	1	0	False	0.0
D5pct_farmed_only_Tmol_scf_48_R01490	Tmol_scf_48	90000	169999	9	5	True	0.5
D5pct_farmed_only_Tmol_scf_49_R01494	Tmol_scf_49	25000	34999	1	0	False	0.0
D5pct_farmed_only_Tmol_scf_49_R01495	Tmol_scf_49	55000	64999	1	0	False	0.0
D5pct_farmed_only_Tmol_scf_49_R01496	Tmol_scf_49	155000	164999	1	0	False	0.0
D5pct_farmed_only_Tmol_scf_50_R01503	Tmol_scf_50	50000	174999	16	6	True	0.5
D5pct_farmed_only_Tmol_scf_51_R01504	Tmol_scf_51	85000	94999	1	0	False	0.0
D5pct_farmed_only_Tmol_scf_54_R01509	Tmol_scf_54	15000	34999	2	0	False	0.0
D5pct_farmed_only_Tmol_scf_54_R01510	Tmol_scf_54	75000	84999	1	0	False	0.0
D5pct_farmed_only_Tmol_scf_54_R01511	Tmol_scf_54	135000	144999	1	0	False	0.0
D5pct_farmed_only_Tmol_scf_55_R01521	Tmol_scf_55	35000	144999	16	4	True	0.5
D5pct_farmed_only_Tmol_scf_55_R01522	Tmol_scf_55	155000	164999	1	0	False	0.0
D5pct_farmed_only_Tmol_scf_56_R01525	Tmol_scf_56	50000	139999	10	7	True	0.5
D5pct_farmed_only_Tmol_scf_57_R01526	Tmol_scf_57	5000	14999	1	0	False	0.0
D5pct_farmed_only_Tmol_scf_57_R01527	Tmol_scf_57	105000	134999	3	0	False	0.0
D5pct_farmed_only_Tmol_scf_58_R01531	Tmol_scf_58	135000	144999	1	0	False	0.0
D5pct_farmed_only_Tmol_scf_61_R01533	Tmol_scf_61	15000	24999	1	0	False	0.0
D5pct_farmed_only_Tmol_scf_61_R01534	Tmol_scf_61	115000	124999	1	0	False	0.0
D5pct_farmed_only_Tmol_scf_62_R01539	Tmol_scf_62	5000	14999	1	0	False	0.0
D5pct_farmed_only_Tmol_scf_62_R01540	Tmol_scf_62	25000	34999	1	0	False	0.0
D5pct_farmed_only_Tmol_scf_62_R01541	Tmol_scf_62	65000	74999	1	0	False	0.0
D5pct_farmed_only_Tmol_scf_62_R01542	Tmol_scf_62	115000	144999	3	0	False	0.0
D5pct_farmed_only_Tmol_scf_63_R01546	Tmol_scf_63	25000	34999	1	0	False	0.0
D5pct_farmed_only_Tmol_scf_63_R01547	Tmol_scf_63	50000	109999	7	5	True	0.5
D5pct_farmed_only_Tmol_scf_63_R01548	Tmol_scf_63	115000	144999	3	0	False	0.0
D5pct_farmed_only_Tmol_scf_65_R01556	Tmol_scf_65	25000	34999	1	0	False	0.0
D5pct_farmed_only_Tmol_scf_66_R01558	Tmol_scf_66	125000	134999	1	0	False	0.0
D5pct_farmed_only_Tmol_scf_67_R01564	Tmol_scf_67	15000	34999	2	0	False	0.0
D5pct_farmed_only_Tmol_scf_67_R01565	Tmol_scf_67	65000	74999	1	0	False	0.0
D5pct_farmed_only_Tmol_scf_67_R01566	Tmol_scf_67	85000	94999	1	0	False	0.0
D5pct_farmed_only_Tmol_scf_69_R01571	Tmol_scf_69	105000	124999	2	0	False	0.0
D5pct_farmed_only_Tmol_scf_70_R01577	Tmol_scf_70	125000	134999	1	0	False	0.0
D5pct_farmed_only_Tmol_scf_71_R01581	Tmol_scf_71	15000	34999	2	0	False	0.0
D5pct_farmed_only_Tmol_scf_71_R01582	Tmol_scf_71	75000	84999	1	0	False	0.0
D5pct_farmed_only_Tmol_scf_74_R01584	Tmol_scf_74	35000	64999	3	0	False	0.0
D5pct_farmed_only_Tmol_scf_74_R01585	Tmol_scf_74	75000	84999	1	0	False	0.0
D5pct_farmed_only_Tmol_scf_75_R01588	Tmol_scf_75	25000	44999	2	0	False	0.0
D5pct_farmed_only_Tmol_scf_75_R01589	Tmol_scf_75	50000	89999	6	1	True	0.5
D5pct_farmed_only_Tmol_scf_75_R01590	Tmol_scf_75	95000	104999	1	0	False	0.0
D5pct_farmed_only_Tmol_scf_76_R01594	Tmol_scf_76	55000	64999	1	0	False	0.0
D5pct_farmed_only_Tmol_scf_77_R01595	Tmol_scf_77	5000	24999	2	0	False	0.0
D5pct_farmed_only_Tmol_scf_78_R01598	Tmol_scf_78	5000	24999	2	0	False	0.0
D5pct_farmed_only_Tmol_scf_78_R01599	Tmol_scf_78	55000	64999	1	0	False	0.0
D5pct_farmed_only_Tmol_scf_78_R01600	Tmol_scf_78	75000	84999	1	0	False	0.0
D5pct_farmed_only_Tmol_scf_78_R01601	Tmol_scf_78	105000	114999	1	0	False	0.0
D5pct_farmed_only_Tmol_scf_80_R01610	Tmol_scf_80	45000	64999	2	0	False	0.0
D5pct_farmed_only_Tmol_scf_80_R01611	Tmol_scf_80	75000	84999	1	0	False	0.0
D5pct_farmed_only_Tmol_scf_81_R01612	Tmol_scf_81	50000	84999	4	0	False	0.0
D5pct_farmed_only_Tmol_scf_82_R01615	Tmol_scf_82	45000	69999	3	2	True	0.5
D5pct_farmed_only_Tmol_scf_84_R01619	Tmol_scf_84	5000	14999	1	0	False	0.0
D5pct_farmed_only_Tmol_scf_84_R01620	Tmol_scf_84	25000	34999	1	0	False	0.0
D5pct_farmed_only_Tmol_scf_84_R01621	Tmol_scf_84	45000	54999	1	0	False	0.0
D5pct_farmed_only_Tmol_scf_85_R01625	Tmol_scf_85	5000	69999	7	1	True	0.5
D5pct_farmed_only_Tmol_scf_86_R01628	Tmol_scf_86	55000	64999	1	0	False	0.0
D5pct_farmed_only_Tmol_scf_87_R01629	Tmol_scf_87	55000	64999	1	0	False	0.0
D5pct_farmed_only_Tmol_scf_87_R01630	Tmol_scf_87	75000	84999	1	0	False	0.0
D5pct_farmed_only_Tmol_scf_89_R01636	Tmol_scf_89	15000	64999	5	0	False	0.0
D5pct_farmed_only_Tmol_scf_89_R01637	Tmol_scf_89	75000	84999	1	0	False	0.0
D5pct_farmed_only_Tmol_scf_90_R01639	Tmol_scf_90	50000	59999	1	1	True	0.5
D5pct_farmed_only_Tmol_scf_91_R01642	Tmol_scf_91	50000	59999	1	1	True	0.5
D5pct_farmed_only_Tmol_scf_93_R01643	Tmol_scf_93	5000	14999	1	0	False	0.0
D5pct_farmed_only_Tmol_scf_93_R01644	Tmol_scf_93	25000	84999	6	0	False	0.0
D5pct_farmed_only_Tmol_scf_95_R01646	Tmol_scf_95	5000	24999	2	0	False	0.0
D5pct_farmed_only_Tmol_scf_95_R01647	Tmol_scf_95	35000	44999	1	0	False	0.0
D5pct_farmed_only_Tmol_scf_95_R01648	Tmol_scf_95	65000	74999	1	0	False	0.0
D5pct_farmed_only_Tmol_scf_96_R01654	Tmol_scf_96	50000	64999	2	0	False	0.0
D5pct_farmed_only_Tmol_scf_97_R01656	Tmol_scf_97	45000	64999	2	0	False	0.0
D5pct_farmed_only_Tmol_scf_98_R01659	Tmol_scf_98	55000	64999	1	0	False	0.0
