analysis	test	n_genes	n_focal	n_event_focal	n_event_nonfocal	focal_rate	genomewide_rate	nonfocal_rate	fold_enrichment_vs_genomewide	odds_ratio_vs_nonfocal	p_one_sided_fisher	population	lower_log_threshold	upper_log_threshold	FDR_within_tail_direction
population-specific sensitivity	lower 5% log ratio	11004	132	7	553	0.05303030303030303	0.05089058524173028	0.05086460632818249	1.0420454545454547	1.0449620253164558	0.5109487804059906	Dole7	-2.5257286	1.0986123	1.0
population-specific sensitivity	upper 5% log ratio	11004	132	6	594	0.045454545454545456	0.05452562704471101	0.054635761589403975	0.8336363636363637	0.823953823953824	0.7327954831559429	Dole7	-2.5257286	1.0986123	0.7327954831559429
population-specific sensitivity	lower 5% log ratio	11939	38	0	656	0.0	0.054945975374822015	0.055121418368204354	0.0	0.0	1.0	Kingsect Belgium	-2.4849066	1.0986123	1.0
population-specific sensitivity	upper 5% log ratio	11939	38	5	705	0.13157894736842105	0.05946896725018846	0.05923871943534157	2.2125648628613788	2.4061895551257253	0.07270868825729798	Kingsect Belgium	-2.4849066	1.0986123	0.09582220242866633
population-specific sensitivity	lower 5% log ratio	12573	82	3	713	0.036585365853658534	0.05694742702616718	0.057081098390841405	0.6424410682654312	0.6273012942283452	0.8534034141691976	Mystik Canada	-2.4849066	1.0986123	1.0
population-specific sensitivity	upper 5% log ratio	12573	82	11	691	0.13414634146341464	0.05583392984967788	0.05531983027780001	2.4025953721075672	2.6456859827561607	0.005696948615213048	Mystik Canada	-2.4849066	1.0986123	0.01993932015324567
population-specific sensitivity	lower 5% log ratio	13215	75	5	745	0.06666666666666667	0.056753688989784334	0.05669710806697108	1.1746666666666667	1.188398849472675	0.42268185075495324	Papek Czechia	-2.4849066	1.0986123	1.0
population-specific sensitivity	upper 5% log ratio	13215	75	9	819	0.12	0.06265607264472191	0.06232876712328767	1.9152173913043478	2.0514485514485514	0.04407707317925384	Papek Czechia	-2.4849066	1.0986123	0.07784326038496232
population-specific sensitivity	lower 5% log ratio	13195	72	4	742	0.05555555555555555	0.05653656688139447	0.05654194924940943	0.9826481977956508	0.9815284604407801	0.5867462299678005	Starfood Holland	-2.4849066	1.0986123	1.0
population-specific sensitivity	upper 5% log ratio	13195	72	8	823	0.1111111111111111	0.06297840090943539	0.0627143183723234	1.7642732985693275	1.8681652490887	0.08213331636742828	Starfood Holland	-2.4849066	1.0986123	0.09582220242866633
population-specific sensitivity	lower 5% log ratio	10648	35	3	553	0.08571428571428572	0.05221637866265966	0.0521059078488646	1.6415210688591984	1.7054701627486437	0.2753420596644982	USA	-2.4849066	1.0986123	1.0
population-specific sensitivity	upper 5% log ratio	10648	35	5	594	0.14285714285714285	0.05625469571750563	0.05596909450673702	2.5394705461483427	2.8111672278338946	0.04448186307712133	USA	-2.4849066	1.0986123	0.07784326038496232
population-specific sensitivity	lower 5% log ratio	11545	64	1	627	0.015625	0.054395842355998265	0.05461196759864123	0.2872462181528663	0.2747778537252221	0.9723928973240413	Wild Serbian	-2.4849066	1.0986123	1.0
population-specific sensitivity	upper 5% log ratio	11545	64	11	627	0.171875	0.05526201818969251	0.05461196759864123	3.1101831896551726	3.592850049652433	0.0006862494208635495	Wild Serbian	-2.4849066	1.0986123	0.0048037459460448465
